4,16,0,1,1,0,2,1,0,0,1,0,0,0,0,0,0,0,1
5,48,0,1,1,2,4,4,0,0,1,0,1,0,1,1,0,5,3
5,31,0,1,4,2,0,0,0,0,0,0,1,0,1,1,0,5,3
6,24,0,1,3,0,0,0,0,0,0,0,0,1,0,0,0,3,4
5,17,0,1,1,0,4,1,0,0,0,0,0,0,0,1,0,0,1
6,59,0,1,1,0,12,6,0,0,3,0,1,0,0,0,0,1,3
6,28,0,1,4,2,0,0,0,0,0,0,1,0,1,0,0,5,3
5,34,0,1,4,3,10,0,0,0,0,0,0,0,2,1,0,6,4
9,12,0,1,2,0,0,0,1,0,0,0,0,0,0,0,0,3,4
7,36,0,1,1,8,5,5,0,0,0,0,0,5,0,0,0,4,3
7,39,0,1,1,0,1,0,4,0,0,2,0,0,0,0,0,2,3
5,13,0,1,1,0,2,0,0,0,0,0,1,0,0,0,0,0,1
5,35,0,1,1,3,10,4,0,0,0,0,1,0,2,0,0,6,4
9,71,0,1,2,0,25,11,0,0,1,0,0,0,0,0,0,1,3
9,15,0,1,2,0,3,1,0,0,1,0,0,0,0,1,0,0,1
5,12,0,1,1,0,0,0,0,0,0,0,1,0,0,1,0,0,1
5,30,0,1,2,0,1,0,6,0,0,2,0,0,0,1,0,2,3
7,34,0,1,1,0,8,4,0,0,2,0,0,0,0,1,0,1,3
5,21,0,1,1,0,2,2,0,0,0,0,0,1,0,0,0,4,3
9,11,0,1,2,0,0,0,0,0,0,0,0,0,0,0,0,0,1
9,34,0,1,5,3,10,0,0,0,0,0,1,0,2,1,0,6,4
9,36,0,1,2,0,8,4,0,0,2,0,1,0,0,1,0,1,3
5,35,0,1,4,2,0,0,0,0,0,0,1,0,1,0,0,5,3
5,11,0,1,1,0,3,0,0,0,1,0,0,0,0,0,0,1,3
5,9,0,1,1,0,0,0,0,0,0,0,0,0,0,0,0,0,1
6,33,0,1,4,3,10,0,0,0,0,0,0,0,2,1,0,6,4
5,16,0,1,1,0,0,0,1,0,0,0,0,0,0,1,0,3,4
5,14,0,1,1,0,0,0,2,0,0,0,0,0,0,1,0,3,4
9,30,0,1,2,0,1,0,0,0,2,0,0,0,0,0,0,1,3
4,27,0,1,1,4,3,3,0,0,0,0,0,3,0,1,0,4,3
5,27,0,1,3,0,4,0,0,0,0,0,1,0,2,1,0,6,4
5,36,0,1,4,2,0,0,0,0,0,0,0,0,1,0,0,5,3
5,15,0,1,1,0,3,0,0,0,0,0,0,0,0,1,0,0,1
5,38,0,1,1,0,10,6,0,0,0,2,0,0,0,1,0,2,3
5,41,0,1,1,0,16,7,0,0,1,0,1,0,0,0,0,1,3
5,36,0,1,1,0,1,0,4,0,0,2,1,0,0,0,0,2,3
4,56,0,1,1,3,18,6,0,0,0,0,1,0,3,0,0,6,4
6,16,0,1,1,0,3,1,0,0,0,0,1,0,0,1,0,0,1
9,55,0,1,2,3,18,6,0,0,0,0,0,0,3,0,0,6,4
5,38,0,1,1,2,4,4,0,0,0,0,2,0,1,1,0,5,3
5,59,0,1,1,3,18,6,0,0,0,0,0,0,3,0,0,6,4
5,13,0,1,1,0,0,0,0,0,1,0,1,0,0,0,0,0,1
9,21,0,1,5,4,0,0,0,0,0,0,0,3,0,0,0,4,3
5,12,0,1,1,0,3,0,0,0,1,0,0,0,0,0,0,1,3
5,18,0,1,1,0,2,1,0,0,1,0,1,0,0,1,0,0,1
5,30,0,3,1,3,7,0,0,0,0,0,0,0,1,1,0,3,4
5,22,0,1,1,0,6,3,0,0,0,0,0,0,0,1,0,3,4
4,27,0,1,4,2,0,0,0,0,0,0,1,0,1,0,0,5,3
9,27,0,1,3,0,1,0,6,0,0,2,0,0,0,0,0,2,3
9,15,0,1,2,0,2,0,0,0,1,0,1,0,0,1,0,0,1
7,44,0,1,6,3,12,0,0,0,0,0,1,0,3,1,0,6,4
7,19,0,1,1,0,3,0,4,0,1,0,0,0,0,0,0,1,3
9,47,0,1,7,3,12,0,0,0,0,0,0,0,3,0,0,6,4
6,17,0,1,1,0,2,2,0,0,0,0,0,1,0,0,0,4,3
6,25,0,1,1,4,3,3,0,0,0,0,0,3,0,1,0,4,3
5,57,0,1,1,4,8,6,0,0,0,0,0,2,0,1,0,4,3
6,17,0,1,1,0,2,1,0,0,1,0,1,0,0,0,0,0,1
9,47,0,1,2,0,13,8,0,0,1,2,0,0,0,1,0,2,3
4,17,0,1,1,0,2,1,0,0,1,0,0,0,0,0,0,0,1
7,17,0,1,1,0,2,0,0,0,1,0,0,0,0,1,0,0,1
4,62,0,1,2,0,1,0,8,0,0,2,0,0,0,1,0,2,3
9,12,0,1,2,0,0,0,0,0,0,0,0,0,0,0,0,0,1
9,45,0,1,2,3,21,7,0,0,0,0,0,0,1,0,0,3,4
7,36,0,1,1,3,10,4,0,0,0,0,0,0,2,1,0,6,4
5,22,0,1,1,0,8,4,0,0,0,0,0,0,0,1,0,3,4
5,54,0,1,1,3,18,6,0,0,0,0,0,0,3,0,0,6,4
4,34,0,1,1,3,10,4,0,0,0,0,1,0,2,1,0,6,4
4,12,0,1,1,0,0,0,1,0,0,0,1,0,0,1,0,1,3
5,13,0,1,1,0,2,0,0,0,1,0,0,0,0,1,0,0,1
7,50,0,1,1,2,4,4,0,0,1,0,0,0,1,1,0,5,3
6,21,0,1,1,0,8,3,0,0,1,0,0,0,0,1,0,1,3
5,10,0,1,1,0,0,0,0,0,0,0,1,0,0,0,0,0,1
4,28,0,1,2,0,1,0,4,0,0,2,0,0,0,1,0,2,3
5,42,0,1,1,0,10,7,0,0,0,2,0,0,0,0,0,2,3
4,48,0,1,1,0,13,8,0,0,1,2,0,0,0,1,0,2,3
5,43,0,1,1,3,15,5,0,0,0,0,0,0,2,0,0,6,4
6,26,0,1,2,0,1,0,4,0,0,2,0,0,0,1,0,2,3
6,12,0,1,1,0,0,0,1,0,0,0,0,0,0,0,0,3,4
5,27,0,1,3,0,4,0,0,0,0,0,0,0,2,1,0,6,4
5,16,0,1,1,0,2,1,0,0,1,0,0,0,0,1,0,0,1
5,26,0,1,2,0,1,0,4,0,0,2,0,0,0,1,0,2,3
5,28,0,1,1,0,1,0,0,0,2,0,0,0,0,0,0,1,3
5,54,0,1,1,3,18,6,0,0,0,0,1,0,3,1,0,6,4
5,34,0,1,1,0,8,4,0,0,0,0,1,0,2,1,0,6,4
5,14,0,1,1,0,3,0,0,0,1,0,1,0,0,0,0,1,3
9,45,0,1,2,2,4,4,0,0,0,0,0,0,1,0,0,5,3
4,29,0,3,1,3,7,0,0,0,0,0,0,0,1,1,0,3,4
4,16,0,1,1,0,2,0,0,0,1,0,0,0,0,0,0,0,1
9,17,0,1,2,0,3,0,4,0,1,0,0,0,0,0,0,1,3
5,13,0,1,1,0,1,1,0,0,0,0,1,0,0,0,0,3,4
9,35,0,1,5,3,10,0,0,0,0,0,0,0,2,1,0,6,4
7,16,0,1,3,0,0,0,0,0,0,0,0,1,0,0,0,4,3
6,10,0,1,1,0,0,0,0,0,0,0,0,0,0,1,0,0,1
5,31,0,1,2,0,1,0,6,0,0,2,0,0,0,1,0,2,3
5,25,0,1,1,0,1,0,4,0,0,2,0,0,0,1,0,2,3
6,35,0,1,1,0,8,4,0,0,2,0,0,0,0,1,0,1,3
7,18,0,1,1,0,2,0,2,0,2,0,0,0,0,1,0,1,3
5,13,0,1,1,0,2,0,0,0,0,0,0,0,0,1,0,0,1
5,32,0,1,1,0,8,4,0,0,0,0,0,0,2,0,0,6,4
6,15,0,1,1,0,4,1,0,0,0,0,1,0,0,0,0,0,1
5,34,0,1,1,4,9,3,0,1,0,0,1,0,0,0,0,4,3
7,42,0,1,7,4,2,0,0,0,0,0,0,2,0,1,0,4,3
5,13,0,1,1,0,0,0,0,0,0,0,0,0,0,0,0,0,1
5,35,0,1,1,2,4,4,0,0,0,0,2,0,1,1,0,5,3
5,15,0,1,1,0,4,1,0,0,0,0,1,0,0,1,0,0,1
9,18,0,1,2,0,2,0,2,0,2,0,0,0,0,1,0,1,3
9,16,0,1,2,0,0,0,2,0,0,0,0,0,0,1,0,3,4
6,42,0,1,6,3,12,0,0,0,0,0,0,0,3,1,0,6,4
6,16,0,1,1,0,2,0,0,0,1,0,0,0,0,1,0,0,1
7,13,0,1,1,0,0,0,0,0,0,0,0,0,0,1,0,3,4
9,36,0,1,5,3,10,0,0,0,0,0,0,0,2,0,0,6,4
5,36,0,1,4,2,0,0,0,0,0,0,0,0,1,1,0,5,3
5,23,0,1,1,0,1,0,2,0,0,2,0,0,0,0,0,2,3
7,44,0,1,1,0,10,7,0,0,0,2,0,0,0,0,0,2,3
6,54,0,1,1,4,8,6,0,0,0,0,0,2,0,1,0,4,3
7,32,0,1,1,0,8,4,0,0,0,0,0,0,2,1,0,6,4
9,19,0,1,2,0,2,1,0,0,1,0,0,0,0,1,0,0,1
9,37,0,1,2,0,9,6,0,0,0,2,1,0,0,1,0,2,3
4,38,0,1,1,0,10,6,0,0,0,2,0,0,0,1,0,2,3
9,34,0,1,2,0,8,4,0,0,0,0,0,0,2,0,0,6,4
7,26,0,1,3,0,0,0,0,0,0,0,0,1,0,0,0,3,4
7,22,0,1,1,0,6,3,0,0,0,0,0,0,0,1,0,3,4
7,43,0,1,1,2,4,4,0,0,0,0,1,0,1,1,0,5,3
7,9,0,1,1,0,0,0,0,0,0,0,1,0,0,1,0,0,1
6,43,0,1,6,3,12,0,0,0,0,0,0,0,3,0,0,6,4
5,30,0,1,1,0,16,7,0,0,1,0,1,0,0,0,0,1,3
5,37,0,1,1,2,4,4,0,0,0,0,1,0,1,0,0,5,3
4,15,0,1,1,0,0,0,1,0,0,0,0,0,0,1,0,1,3
6,16,0,1,1,0,3,0,0,0,1,0,0,0,0,1,0,1,3
5,40,0,1,1,0,10,6,0,0,0,2,0,0,0,1,0,2,3
5,46,0,1,1,2,4,4,0,0,0,0,0,0,1,0,0,5,3
7,14,0,1,1,0,1,1,0,0,0,0,0,0,0,1,0,3,4
6,50,0,1,1,0,11,7,0,0,0,2,1,0,0,1,0,2,3
5,37,0,1,1,8,5,5,0,0,0,0,0,5,0,0,0,4,3
5,74,0,1,1,0,25,11,0,0,1,0,0,0,0,1,0,1,3
5,55,0,1,1,3,18,6,0,0,0,0,1,0,3,1,0,6,4
7,24,0,1,1,4,3,3,0,0,0,0,0,3,0,0,0,4,3
7,34,0,1,4,2,0,0,0,0,0,0,0,0,1,1,0,5,3
6,9,0,1,1,0,0,0,0,0,0,0,0,0,0,0,0,0,1
5,14,0,1,1,0,2,0,0,0,1,0,0,0,0,0,0,0,1
5,28,0,1,1,0,16,7,0,0,1,0,1,0,0,1,0,1,3
4,12,0,1,1,0,2,0,0,0,0,0,0,0,0,0,0,0,1
5,56,0,1,1,3,18,6,0,0,0,0,2,0,3,1,0,6,4
5,36,0,1,1,8,5,5,0,0,0,0,0,5,0,0,0,4,3
5,18,0,1,1,0,8,3,0,0,1,0,0,0,0,1,0,1,3
7,46,0,1,7,4,2,0,0,0,0,0,0,2,0,0,0,4,3
4,37,0,1,1,2,4,4,0,0,0,0,2,0,1,1,0,5,3
6,28,0,1,1,0,10,4,0,0,2,0,0,0,0,0,0,1,3
5,45,0,1,1,3,21,7,0,0,0,0,0,0,1,0,0,3,4
4,41,0,1,1,0,10,6,0,0,0,2,0,0,0,0,0,2,3
4,47,0,1,1,0,13,8,0,0,1,2,0,0,0,1,0,2,3
5,24,0,1,3,0,0,0,0,0,0,0,1,1,0,1,0,3,4
7,14,0,1,1,0,2,0,0,0,1,0,0,0,0,1,0,0,1
7,10,0,1,1,0,0,0,0,0,0,0,1,0,0,0,0,0,1
4,13,0,1,1,0,0,0,1,0,0,0,0,0,0,1,0,3,4
6,50,0,1,1,0,11,7,0,0,0,2,1,0,0,0,0,2,3
6,21,0,1,4,4,0,0,0,0,0,0,0,3,0,0,0,4,3
4,19,0,1,1,0,6,3,0,0,0,0,0,0,0,1,0,3,4
6,47,0,1,1,0,1,0,0,0,3,0,0,0,0,0,0,1,3
6,9,0,1,1,0,0,0,0,0,0,0,0,0,0,0,0,0,1
5,27,0,1,1,0,1,0,0,0,2,0,0,0,0,1,0,1,3
7,25,0,1,2,0,1,0,4,0,0,2,1,0,0,0,0,2,3
9,46,0,1,8,4,2,0,0,0,0,0,0,2,0,0,0,4,3
5,26,0,1,6,8,0,0,0,0,0,0,0,5,0,0,0,4,3
7,50,0,1,1,0,1,0,0,0,3,0,0,0,0,0,0,1,3
7,59,0,1,1,0,12,6,0,0,3,0,1,0,0,1,0,1,3
7,45,0,1,1,0,1,0,0,0,3,0,0,0,0,1,0,1,3
6,14,0,1,1,0,0,0,0,0,1,0,0,0,0,0,0,0,1
5,27,0,1,1,0,4,0,2,0,1,0,1,0,0,0,0,1,3
4,10,0,1,1,0,0,0,0,0,0,0,1,0,0,0,0,0,1
7,24,0,1,1,0,1,0,4,0,0,2,0,0,0,0,0,2,3
5,45,0,1,1,0,1,0,0,0,3,0,1,0,0,0,0,1,3
5,34,0,1,1,0,9,6,0,0,0,0,1,1,0,1,0,3,4
5,49,0,1,1,0,6,0,6,0,1,0,0,0,0,0,0,1,3
6,36,0,1,1,0,10,6,0,0,0,2,0,0,0,1,0,2,3
5,13,0,1,1,0,0,0,0,0,1,0,0,0,0,0,0,0,1
9,14,0,1,2,0,0,0,1,0,0,0,0,0,0,1,0,1,3
5,14,0,1,1,0,0,0,0,0,1,0,0,0,0,0,0,0,1
5,27,0,1,1,0,8,4,0,0,0,0,0,0,0,1,0,3,4
9,8,0,1,2,0,0,0,0,0,0,0,0,0,0,1,0,0,1
4,11,0,1,1,0,0,0,0,0,0,0,0,0,0,1,0,0,1
7,27,0,1,1,4,3,3,0,0,0,0,0,3,0,1,0,4,3
5,41,0,1,1,3,21,7,0,0,0,0,0,0,1,0,0,3,4
4,30,0,1,1,0,16,7,0,0,1,0,0,0,0,0,0,1,3
9,45,0,1,2,3,15,5,0,0,0,0,0,0,2,1,0,6,4
5,61,0,1,2,0,1,0,8,0,0,2,0,0,0,1,0,2,3
9,14,0,1,2,0,2,1,0,0,0,0,1,0,0,0,0,1,3
5,37,0,1,1,0,10,6,0,0,0,2,0,0,0,1,0,2,3
9,18,0,1,2,0,2,2,0,0,0,0,0,1,0,1,0,4,3
6,37,0,1,4,3,10,0,0,0,0,0,0,0,2,1,0,6,4
6,16,0,1,1,0,4,1,0,0,0,0,0,0,0,1,0,0,1
5,18,0,1,1,0,8,3,0,0,1,0,1,0,0,0,0,1,3
5,36,0,1,1,3,10,4,0,0,0,0,0,0,2,1,0,6,4
7,26,0,1,2,0,1,0,4,0,0,2,0,0,0,0,0,2,3
4,27,0,1,3,0,0,0,0,0,0,0,0,1,0,0,0,3,4
9,31,0,1,5,2,0,0,0,0,0,0,1,0,1,0,0,5,3
7,32,0,1,4,2,0,0,0,0,0,0,1,0,1,1,0,5,3
4,16,0,1,1,0,4,2,0,0,0,0,1,0,0,0,0,3,4
6,32,0,1,1,3,10,4,0,0,0,0,0,0,2,0,0,6,4
5,21,0,1,1,0,6,3,0,0,0,0,0,0,0,1,0,3,4
7,35,0,1,4,2,0,0,0,0,0,0,0,0,1,0,0,5,3
5,28,0,1,1,0,1,0,0,0,2,0,1,0,0,0,0,1,3
9,39,0,1,2,0,10,6,0,0,0,2,0,0,0,1,0,2,3
4,20,0,1,4,4,0,0,0,0,0,0,1,3,0,0,0,4,3
9,34,0,1,2,4,9,3,0,1,0,0,0,0,0,0,0,4,3
9,15,0,1,2,0,4,2,0,0,0,0,0,0,0,0,0,3,4
4,26,0,1,1,4,3,3,0,0,0,0,0,3,0,0,0,4,3
5,11,0,1,1,0,0,0,0,0,0,0,1,0,0,1,0,0,1
6,73,0,1,1,0,25,11,0,0,1,0,0,0,0,0,0,1,3
7,40,0,1,4,2,0,0,0,0,1,0,0,0,1,0,0,5,3
5,14,0,1,1,0,0,0,1,0,0,0,0,0,0,1,0,3,4
9,36,0,1,2,8,5,5,0,0,0,0,0,5,0,1,0,4,3
6,35,0,1,4,2,0,0,0,0,0,0,1,0,1,1,0,5,3
6,41,0,1,4,2,0,0,0,0,1,0,0,0,1,0,0,5,3
9,53,0,1,2,0,11,7,0,0,0,2,0,0,0,0,0,2,3
5,29,0,1,1,0,6,3,0,0,0,2,1,0,0,1,0,2,3
9,55,0,1,2,3,18,6,0,0,0,0,0,0,3,0,0,6,4
7,39,0,1,4,2,0,0,0,0,1,0,1,0,1,0,0,5,3
5,34,0,1,1,3,10,4,0,0,0,0,2,0,2,0,0,6,4
9,46,0,1,2,3,21,7,0,0,0,0,0,0,1,1,0,3,4
9,27,0,1,2,0,6,3,0,0,0,2,0,0,0,1,0,2,3
5,24,0,1,3,0,0,0,0,0,0,0,1,1,0,1,0,3,4
7,11,0,1,1,0,0,0,1,0,0,0,0,0,0,1,0,1,3
7,24,0,1,4,3,6,0,0,0,0,0,0,0,2,1,0,6,4
5,15,0,1,1,0,4,1,0,0,0,0,1,0,0,1,0,0,1
9,29,0,3,2,3,7,0,0,0,0,0,0,0,1,1,0,3,4
5,25,0,1,1,0,1,0,2,0,0,2,1,0,0,1,0,2,3
5,19,0,1,1,0,2,0,2,0,2,0,0,0,0,0,0,1,3
5,17,0,1,1,0,0,0,0,0,1,0,0,0,0,0,0,0,1
7,14,0,1,1,0,2,0,0,0,1,0,0,0,0,1,0,0,1
5,14,0,1,1,0,2,0,0,0,1,0,0,0,0,1,0,0,1
5,11,0,1,1,0,0,0,0,0,0,0,1,0,0,1,0,0,1
7,25,0,1,3,0,4,0,0,0,0,0,0,0,2,1,0,6,4
5,41,0,1,4,2,0,0,0,0,1,0,0,0,1,1,0,5,3
5,30,0,1,2,0,1,0,6,0,0,2,0,0,0,1,0,2,3
9,86,0,1,2,0,18,13,0,0,0,2,0,0,0,1,0,2,3
5,51,0,1,1,0,13,8,0,0,1,2,0,0,0,1,0,2,3
4,29,0,1,1,4,3,3,0,0,0,0,0,3,0,0,0,4,3
5,24,0,1,1,4,3,3,0,0,0,0,1,3,0,0,0,4,3
6,47,0,1,1,3,15,5,0,0,0,0,0,0,2,1,0,6,4
7,15,0,1,1,0,4,1,0,0,0,0,1,0,0,1,0,0,1
5,58,0,1,1,4,8,6,0,0,0,0,0,2,0,1,0,4,3
5,38,0,1,1,0,9,6,0,0,0,0,1,1,0,1,0,3,4
5,40,0,1,1,0,16,7,0,0,1,0,0,0,0,0,0,1,3
6,20,0,1,4,4,0,0,0,0,0,0,1,3,0,1,0,4,3
7,24,0,1,1,0,8,4,0,0,0,0,0,0,0,0,0,3,4
4,10,0,1,1,0,0,0,0,0,0,0,0,0,0,1,0,0,1
9,10,0,1,2,0,0,0,0,0,0,0,0,0,0,1,0,3,4
5,19,0,1,1,0,2,1,0,0,1,0,0,0,0,0,0,0,1
5,18,0,1,1,0,3,1,0,0,1,0,0,0,0,0,0,0,1
5,14,0,1,1,0,4,2,0,0,0,0,0,0,0,1,0,3,4
5,28,0,1,1,0,1,0,4,0,0,2,1,0,0,0,0,2,3
9,44,0,1,2,3,21,7,0,0,0,0,0,0,1,1,0,3,4
5,16,0,1,1,0,2,1,0,0,0,0,0,0,0,0,0,1,3
5,18,0,1,1,0,4,1,0,0,0,0,0,0,0,0,0,0,1
5,9,0,1,1,0,0,0,0,0,0,0,0,0,0,1,0,0,1
7,13,0,1,1,0,0,0,1,0,0,0,0,0,0,1,0,3,4
6,12,0,1,1,0,0,0,1,0,0,0,1,0,0,1,0,1,3
7,33,0,1,1,0,8,4,0,0,0,0,0,0,2,0,0,6,4
6,41,0,1,4,2,0,0,0,0,1,0,0,0,1,0,0,5,3
5,26,0,1,6,8,0,0,0,0,0,0,2,5,0,0,0,4,3
7,28,0,1,1,0,1,0,0,0,2,0,1,0,0,1,0,1,3
6,11,0,1,1,0,3,0,0,0,1,0,0,0,0,0,0,1,3
4,27,0,1,1,0,10,4,0,0,2,0,0,0,0,0,0,1,3
6,8,0,1,1,0,0,0,0,0,0,0,0,0,0,0,0,0,1
5,11,0,1,1,0,0,0,0,0,0,0,0,0,0,1,0,0,1
6,12,0,1,1,0,3,0,0,0,1,0,0,0,0,0,0,1,3
6,37,0,1,1,0,1,0,4,0,0,2,0,0,0,1,0,2,3
5,25,0,1,3,0,0,0,0,0,0,0,0,1,0,0,0,3,4
7,44,0,1,1,3,21,7,0,0,0,0,0,0,1,0,0,3,4
6,39,0,1,1,0,16,7,0,0,1,0,0,0,0,1,0,1,3
5,32,0,1,1,0,6,3,0,0,0,2,0,0,0,1,0,2,3
7,12,0,1,1,0,0,0,0,0,0,0,1,0,0,0,0,3,4
4,17,0,1,1,0,2,0,2,0,2,0,0,0,0,1,0,1,3
9,19,0,3,2,0,0,0,0,0,0,0,0,0,0,0,0,3,4
5,39,0,1,1,0,1,0,4,0,0,2,1,0,0,0,0,2,3
5,34,0,1,1,3,10,4,0,0,0,0,1,0,2,0,0,6,4
4,15,0,1,1,0,2,0,0,0,0,0,0,0,0,0,0,0,1
4,38,0,1,1,0,9,6,0,0,0,0,0,1,0,1,0,3,4
5,16,0,1,1,0,4,2,0,0,0,0,0,0,0,1,0,3,4
6,35,0,1,1,8,5,5,0,0,0,0,0,5,0,0,0,4,3
4,39,0,1,1,0,8,4,0,0,2,0,0,0,0,1,0,1,3
7,27,0,1,1,0,10,4,0,0,2,0,0,0,0,0,0,1,3
9,15,0,1,2,0,4,1,0,0,0,0,0,0,0,1,0,0,1
6,8,0,1,1,0,0,0,0,0,0,0,0,0,0,1,0,0,1
6,43,0,1,1,3,21,7,0,0,0,0,0,0,1,0,0,3,4
7,84,0,1,1,0,18,13,0,0,0,2,0,0,0,0,0,2,3
6,16,0,1,1,0,0,0,2,0,0,0,0,0,0,1,0,3,4
5,12,0,1,1,0,0,0,2,0,0,0,0,0,0,1,0,3,4
5,14,0,1,1,0,2,0,0,0,1,0,0,0,0,1,0,0,1
7,43,0,1,1,2,4,4,0,0,0,0,0,0,1,1,0,5,3
4,42,0,1,1,0,10,7,0,0,0,2,0,0,0,0,0,2,3
4,33,0,1,4,3,10,0,0,0,0,0,0,0,2,1,0,6,4
5,17,0,1,1,0,2,0,2,0,2,0,1,0,0,0,0,1,3
6,18,0,1,1,0,3,0,4,0,1,0,0,0,0,1,0,1,3
7,43,0,1,1,3,15,5,0,0,0,0,0,0,2,1,0,6,4
5,43,0,1,1,0,10,7,0,0,0,2,1,0,0,0,0,2,3
9,31,0,1,2,0,1,0,4,0,1,2,0,0,0,0,0,2,3
5,19,0,1,1,0,3,1,0,0,0,0,0,0,0,0,0,0,1
5,34,0,1,1,3,10,4,0,0,0,0,1,0,2,0,0,6,4
6,15,0,1,1,0,2,1,0,0,1,0,0,0,0,1,0,0,1
5,44,0,1,7,4,2,0,0,0,0,0,1,2,0,0,0,4,3
5,86,0,1,1,0,18,13,0,0,0,2,0,0,0,0,0,2,3
6,13,0,1,1,0,0,0,0,0,0,0,0,0,0,0,0,3,4
4,50,0,1,1,0,13,8,0,0,1,2,0,0,0,1,0,2,3
9,12,0,1,2,0,0,0,0,0,0,0,1,0,0,1,0,3,4
6,15,0,1,1,0,3,1,0,0,1,0,0,0,0,1,0,0,1
5,10,0,1,1,0,0,0,0,0,0,0,1,0,0,0,0,0,1
6,29,0,1,1,4,3,3,0,0,0,0,0,3,0,0,0,4,3
9,15,0,1,2,0,2,0,0,0,1,0,1,0,0,0,0,0,1
9,34,0,1,2,0,1,0,4,0,1,2,0,0,0,1,0,2,3
6,48,0,1,1,0,13,8,0,0,1,2,0,0,0,0,0,2,3
5,14,0,1,1,0,3,0,0,0,0,0,0,0,0,0,0,0,1
7,54,0,1,1,3,18,6,0,0,0,0,0,0,3,0,0,6,4
5,17,0,1,1,0,2,0,0,0,1,0,1,0,0,1,0,0,1
6,30,0,1,1,0,1,0,0,0,2,0,0,0,0,0,0,1,3
7,9,0,1,1,0,0,0,0,0,0,0,1,0,0,0,0,0,1
5,14,0,1,1,0,2,0,0,0,0,0,1,0,0,1,0,0,1
4,36,0,1,1,2,4,4,0,0,0,0,1,0,1,1,0,5,3
5,41,0,1,1,0,16,7,0,0,1,0,0,0,0,0,0,1,3
5,47,0,1,1,2,4,4,0,0,1,0,1,0,1,0,0,5,3
5,48,0,1,1,0,13,8,0,0,1,2,0,0,0,1,0,2,3
7,43,0,1,1,3,21,7,0,0,0,0,1,0,1,0,0,3,4
5,26,0,1,1,0,8,4,0,0,0,0,1,0,0,1,0,3,4
5,15,0,1,1,0,1,1,0,0,0,0,1,0,0,0,0,3,4
5,10,0,1,1,0,0,0,0,0,0,0,2,0,0,0,0,0,1
4,18,0,1,1,0,2,0,2,0,2,0,1,0,0,0,0,1,3
5,9,0,1,1,0,0,0,0,0,0,0,1,0,0,0,0,0,1
7,30,0,1,1,0,16,7,0,0,1,0,0,0,0,1,0,1,3
7,56,0,1,1,3,18,6,0,0,0,0,1,0,3,1,0,6,4
5,45,0,1,6,3,12,0,0,0,0,0,0,0,3,0,0,6,4
6,17,0,1,1,0,4,1,0,0,0,0,0,0,0,0,0,0,1
5,7,0,1,1,0,0,0,0,0,0,0,0,0,0,0,0,0,1
4,19,0,1,1,0,3,1,0,0,0,0,0,0,0,0,0,0,1
9,47,0,1,2,2,4,4,0,0,1,0,0,0,1,0,0,5,3
9,36,0,1,2,3,10,4,0,0,0,0,0,0,2,0,0,6,4
6,19,0,1,1,0,8,3,0,0,1,0,1,0,0,1,0,1,3
4,32,0,1,1,4,9,3,0,1,0,0,1,0,0,0,0,4,3
5,16,0,1,1,0,4,1,0,0,0,0,1,0,0,1,0,0,1
5,23,0,1,3,0,4,0,0,0,0,0,0,0,2,1,0,6,4
5,11,0,1,1,0,0,0,0,0,0,0,1,0,0,0,0,0,1
5,18,0,1,1,0,3,1,0,0,0,0,0,0,0,1,0,0,1
5,21,0,1,1,0,6,3,0,0,0,0,1,0,0,0,0,3,4
9,45,0,1,2,3,21,7,0,0,0,0,0,0,1,1,0,3,4
5,41,0,1,4,2,0,0,0,0,1,0,0,0,1,0,0,5,3
5,34,0,1,1,0,9,6,0,0,0,0,1,1,0,1,0,3,4
7,8,0,1,1,0,0,0,0,0,0,0,0,0,0,0,0,0,1
9,24,0,1,2,4,3,3,0,0,0,0,0,3,0,0,0,4,3
5,11,0,1,1,0,0,0,0,0,0,0,0,0,0,1,0,0,1
5,15,0,3,1,0,0,0,0,0,0,0,0,0,0,0,0,3,4
6,16,0,1,1,0,3,0,4,0,1,0,0,0,0,0,0,1,3
5,44,0,1,1,0,10,7,0,0,0,2,0,0,0,1,0,2,3
7,45,0,1,1,2,4,4,0,0,1,0,0,0,1,0,0,5,3
6,33,0,1,4,3,10,0,0,0,0,0,0,0,2,1,0,6,4
9,28,0,1,2,4,3,3,0,0,0,0,0,3,0,1,0,4,3
5,37,0,1,4,2,0,0,0,0,1,0,1,0,1,0,0,5,3
5,12,0,1,1,0,0,0,0,0,0,0,0,0,0,1,0,0,1
5,39,0,1,1,2,4,4,0,0,0,0,1,0,1,0,0,5,3
4,47,0,1,1,0,13,8,0,0,1,2,0,0,0,1,0,2,3
5,13,0,1,1,0,0,0,1,0,0,0,1,0,0,0,0,3,4
5,13,0,1,1,0,0,0,1,0,0,0,2,0,0,1,0,3,4
6,39,0,1,1,2,4,4,0,0,0,0,1,0,1,0,0,5,3
6,18,0,1,1,0,0,0,0,0,1,0,0,0,0,1,0,0,1
6,36,0,1,1,0,8,4,0,0,2,0,0,0,0,0,0,1,3
5,19,0,3,1,0,0,0,0,0,0,0,1,0,0,0,0,3,4
5,14,0,1,1,0,4,2,0,0,0,0,0,0,0,0,0,3,4
5,54,0,1,1,4,8,6,0,0,0,0,1,2,0,0,0,4,3
5,17,0,1,1,0,8,3,0,0,1,0,1,0,0,0,0,1,3
5,13,0,1,1,0,2,0,0,0,0,0,0,0,0,0,0,0,1
5,43,0,1,1,3,21,7,0,0,0,0,0,0,1,0,0,3,4
6,17,0,1,3,0,0,0,0,0,0,0,0,1,0,0,0,4,3
7,58,0,1,1,3,18,6,0,0,0,0,0,0,3,0,0,6,4
5,19,0,1,4,4,0,0,0,0,0,0,0,3,0,1,0,4,3
5,34,0,1,1,8,5,5,0,0,0,0,0,5,0,0,0,4,3
5,29,0,1,1,0,1,0,0,0,2,0,0,0,0,1,0,1,3
5,31,0,1,1,0,1,0,4,0,1,2,1,0,0,1,0,2,3
9,43,0,1,2,2,4,4,0,0,0,0,0,0,1,1,0,5,3
5,37,0,1,1,0,9,6,0,0,0,2,1,0,0,1,0,2,3
5,18,0,1,1,0,3,1,0,0,1,0,0,0,0,1,0,0,1
5,36,0,1,1,0,1,0,4,0,0,2,1,0,0,0,0,2,3
5,46,0,1,1,3,21,7,0,0,0,0,1,0,1,1,0,3,4
9,58,0,1,2,3,18,6,0,0,0,0,0,0,3,0,0,6,4
9,26,0,1,2,0,4,0,2,0,1,0,0,0,0,0,0,1,3
5,14,0,1,1,0,2,0,0,0,0,0,1,0,0,1,0,0,1
5,29,0,1,1,0,6,3,0,0,0,2,2,0,0,0,0,2,3
5,32,0,1,1,0,1,0,4,0,1,2,1,0,0,1,0,2,3
5,44,0,1,1,0,10,7,0,0,0,2,0,0,0,0,0,2,3
5,15,0,1,3,0,0,0,0,0,0,0,1,1,0,1,0,4,3
5,25,0,1,2,0,1,0,4,0,0,2,1,0,0,0,0,2,3
4,30,0,1,1,0,16,7,0,0,1,0,0,0,0,0,0,1,3
6,34,0,1,4,3,10,0,0,0,0,0,1,0,2,1,0,6,4
4,33,0,1,1,0,8,4,0,0,0,0,1,0,2,1,0,6,4
5,45,0,1,1,2,4,4,0,0,1,0,1,0,1,0,0,5,3
7,16,0,1,1,0,2,0,0,0,1,0,0,0,0,1,0,0,1
4,45,0,1,1,2,4,4,0,0,0,0,0,0,1,1,0,5,3
5,34,0,1,1,0,8,4,0,0,2,0,1,0,0,1,0,1,3
5,18,0,1,1,0,2,1,0,0,1,0,1,0,0,1,0,0,1
9,37,0,1,2,0,9,6,0,0,0,0,0,1,0,0,0,3,4
6,36,0,1,1,0,8,4,0,0,0,0,0,0,2,0,0,6,4
5,32,0,1,1,3,10,4,0,0,0,0,0,0,2,1,0,6,4
5,27,0,1,4,2,0,0,0,0,0,0,2,0,1,0,0,5,3
7,43,0,1,1,0,16,7,0,0,1,0,0,0,0,0,0,1,3
5,26,0,1,1,0,1,0,0,0,2,0,0,0,0,0,0,1,3
5,38,0,1,1,0,10,6,0,0,0,2,0,0,0,0,0,2,3
7,49,0,1,1,0,11,7,0,0,0,2,0,0,0,0,0,2,3
9,17,0,1,2,0,3,0,4,0,1,0,0,0,0,0,0,1,3
5,34,0,1,1,0,1,0,4,0,1,2,0,0,0,0,0,2,3
5,42,0,1,4,2,0,0,0,0,1,0,1,0,1,1,0,5,3
4,8,0,1,1,0,0,0,0,0,0,0,0,0,0,0,0,0,1
5,16,0,1,1,0,3,1,0,0,0,0,0,0,0,0,0,0,1
4,35,0,1,4,2,0,0,0,0,0,0,0,0,1,0,0,5,3
9,16,0,3,2,0,0,0,0,0,0,0,1,0,0,0,0,3,4
7,37,0,1,1,0,9,6,0,0,0,2,1,0,0,0,0,2,3
5,13,0,1,1,0,3,0,0,0,1,0,0,0,0,0,0,1,3
4,15,0,1,1,0,2,0,0,0,0,0,0,0,0,1,0,0,1
5,29,0,1,4,2,0,0,0,0,0,0,1,0,1,0,0,5,3
5,37,0,1,4,2,0,0,0,0,1,0,0,0,1,1,0,5,3
4,14,0,1,1,0,0,0,2,0,0,0,0,0,0,0,0,3,4
7,11,0,1,1,0,0,0,0,0,0,0,0,0,0,1,0,0,1
5,45,0,1,1,2,4,4,0,0,1,0,0,0,1,0,0,5,3
5,33,0,1,1,0,8,4,0,0,0,0,1,0,2,1,0,6,4
6,32,0,1,4,2,0,0,0,0,0,0,1,0,1,0,0,5,3
5,28,0,1,1,0,1,0,4,0,0,2,0,0,0,0,0,2,3
9,42,0,1,2,2,4,4,0,0,0,0,0,0,1,1,0,5,3
5,34,0,1,1,8,5,5,0,0,0,0,1,5,0,1,0,4,3
5,47,0,1,7,4,2,0,0,0,0,0,1,2,0,1,0,4,3
4,35,0,1,4,2,0,0,0,0,0,0,0,0,1,1,0,5,3
7,22,0,1,1,0,2,2,0,0,0,0,0,1,0,1,0,4,3
4,32,0,1,1,0,8,4,0,0,0,0,0,0,2,0,0,6,4
4,29,0,3,1,3,7,0,0,0,0,0,1,0,1,0,0,3,4
6,31,0,1,1,0,8,4,0,0,0,0,0,0,2,0,0,6,4
5,25,0,1,1,4,3,3,0,0,0,0,0,3,0,0,0,4,3
5,8,0,1,1,0,0,0,0,0,0,0,1,0,0,1,0,0,1
5,27,0,1,1,4,3,3,0,0,0,0,1,3,0,0,0,4,3
4,8,0,1,1,0,0,0,0,0,0,0,0,0,0,0,0,0,1
7,35,0,1,1,3,10,4,0,0,0,0,0,0,2,1,0,6,4
6,42,0,1,1,2,4,4,0,0,0,0,0,0,1,0,0,5,3
4,31,0,1,1,0,1,0,4,0,1,2,0,0,0,1,0,2,3
5,31,0,1,1,4,9,3,0,1,0,0,0,0,0,0,0,4,3
4,37,0,1,1,0,9,6,0,0,0,2,0,0,0,0,0,2,3
5,10,0,1,1,0,0,0,0,0,0,0,0,0,0,0,0,0,1
5,14,0,1,1,0,3,0,0,0,1,0,0,0,0,0,0,1,3
5,31,0,1,1,0,6,3,0,0,0,2,0,0,0,1,0,2,3
9,50,0,1,2,2,4,4,0,0,1,0,0,0,1,0,0,5,3
9,45,0,1,2,3,21,7,0,0,0,0,0,0,1,1,0,3,4
5,24,0,1,1,4,3,3,0,0,0,0,1,3,0,1,0,4,3
5,10,0,1,1,0,0,0,0,0,0,0,0,0,0,1,0,0,1
4,18,0,1,1,0,8,3,0,0,1,0,1,0,0,0,0,1,3
7,27,0,1,4,2,0,0,0,0,0,0,1,0,1,1,0,5,3
5,50,0,1,1,2,4,4,0,0,1,0,1,0,1,1,0,5,3
4,38,0,1,4,2,0,0,0,0,0,0,0,0,1,0,0,5,3
5,17,0,1,1,0,3,1,0,0,0,0,0,0,0,0,0,0,1
7,40,0,1,1,0,9,6,0,0,0,2,0,0,0,1,0,2,3
5,10,0,1,1,0,0,0,0,0,0,0,0,0,0,1,0,0,1
4,31,0,1,4,2,0,0,0,0,0,0,1,0,1,1,0,5,3
5,16,0,1,1,0,8,3,0,0,1,0,0,0,0,0,0,1,3
5,24,0,1,3,0,4,0,0,0,0,0,0,0,2,0,0,6,4
5,15,0,1,1,0,2,0,0,0,1,0,0,0,0,0,0,0,1
9,31,0,3,2,3,7,0,0,0,0,0,0,0,1,0,0,3,4
5,18,0,1,1,0,6,3,0,0,0,0,0,0,0,0,0,3,4
5,47,0,1,6,3,12,0,0,0,0,0,0,0,3,0,0,6,4
4,36,0,1,1,0,10,6,0,0,0,2,0,0,0,1,0,2,3
5,13,0,1,1,0,2,0,0,0,0,0,0,0,0,1,0,0,1
5,52,0,1,1,0,11,7,0,0,0,2,0,0,0,0,0,2,3
7,38,0,1,1,0,10,6,0,0,0,2,1,0,0,1,0,2,3
6,37,0,1,1,3,10,4,0,0,0,0,0,0,2,1,0,6,4
6,17,0,1,1,0,2,1,0,0,1,0,0,0,0,1,0,0,1
5,43,0,1,1,3,21,7,0,0,0,0,1,0,1,1,0,3,4
5,37,0,1,1,0,1,0,4,0,0,2,0,0,0,0,0,2,3
4,23,0,1,4,4,0,0,0,0,0,0,0,3,0,0,0,4,3
6,28,0,1,4,3,6,0,0,0,0,0,0,0,2,1,0,6,4
4,12,0,1,1,0,0,0,0,0,0,0,0,0,0,1,0,0,1
4,35,0,1,4,2,0,0,0,0,0,0,0,0,1,1,0,5,3
5,18,0,1,1,0,2,2,0,0,0,0,1,1,0,0,0,4,3
5,17,0,1,1,0,2,1,0,0,1,0,0,0,0,1,0,0,1
5,29,0,1,2,0,1,0,6,0,0,2,1,0,0,1,0,2,3
4,50,0,1,1,0,11,7,0,0,0,2,0,0,0,1,0,2,3
4,36,0,1,1,0,8,4,0,0,2,0,1,0,0,1,0,1,3
7,51,0,1,1,0,13,8,0,0,1,2,0,0,0,1,0,2,3
5,32,0,3,1,3,7,0,0,0,0,0,0,0,1,0,0,3,4
4,15,0,1,1,0,3,1,0,0,1,0,0,0,0,1,0,0,1
5,14,0,1,1,0,0,0,1,0,0,0,0,0,0,1,0,1,3
5,24,0,1,3,0,0,0,0,0,0,0,1,1,0,1,0,3,4
4,88,0,1,1,0,18,13,0,0,0,2,0,0,0,1,0,2,3
5,8,0,1,1,0,0,0,0,0,0,0,1,0,0,1,0,0,1
6,26,0,1,1,0,8,4,0,0,0,0,0,0,0,0,0,3,4
9,44,0,1,2,3,21,7,0,0,0,0,0,0,1,0,0,3,4
7,11,0,1,1,0,0,0,1,0,0,0,0,0,0,0,0,3,4
5,52,0,1,1,0,11,7,0,0,0,2,1,0,0,0,0,2,3
9,26,0,1,5,3,6,0,0,0,0,0,1,0,2,1,0,6,4
9,13,0,1,2,0,0,0,2,0,0,0,0,0,0,0,0,3,4
4,13,0,1,1,0,0,0,0,0,1,0,0,0,0,0,0,0,1
5,27,0,1,6,8,0,0,0,0,0,0,1,5,0,1,0,4,3
6,24,0,1,1,0,10,4,0,0,2,0,0,0,0,1,0,1,3
5,46,0,1,7,4,2,0,0,0,0,0,0,2,0,0,0,4,3
5,32,0,1,1,4,9,3,0,1,0,0,0,0,0,1,0,4,3
5,36,0,1,4,2,0,0,0,0,0,0,0,0,1,1,0,5,3
5,7,0,1,1,0,0,0,0,0,0,0,0,0,0,0,0,0,1
5,13,0,1,1,0,0,0,0,0,0,0,1,0,0,1,0,3,4
9,36,0,1,2,0,9,6,0,0,0,2,0,0,0,1,0,2,3
9,36,0,1,5,2,0,0,0,0,0,0,0,0,1,1,0,5,3
5,29,0,1,1,0,1,0,4,0,0,2,1,0,0,1,0,2,3
9,12,0,1,2,0,0,0,0,0,0,0,0,0,0,1,0,0,1
5,36,0,1,1,0,8,4,0,0,2,0,0,0,0,1,0,1,3
9,15,0,1,2,0,1,1,0,0,0,0,0,0,0,0,0,3,4
5,55,0,1,1,3,18,6,0,0,0,0,0,0,3,0,0,6,4
5,28,0,1,1,0,6,3,0,0,0,2,1,0,0,0,0,2,3
5,16,0,1,1,0,4,1,0,0,0,0,1,0,0,1,0,0,1
5,42,0,1,1,3,15,5,0,0,0,0,0,0,2,0,0,6,4
4,13,0,1,1,0,3,0,0,0,1,0,0,0,0,1,0,1,3
7,26,0,1,1,0,10,4,0,0,2,0,1,0,0,0,0,1,3
7,17,0,1,1,0,4,1,0,0,0,0,0,0,0,0,0,0,1
9,37,0,1,2,0,9,6,0,0,0,2,1,0,0,1,0,2,3
7,9,0,1,1,0,0,0,0,0,0,0,0,0,0,0,0,0,1
5,12,0,1,1,0,0,0,2,0,0,0,1,0,0,1,0,3,4
5,17,0,1,1,0,8,3,0,0,1,0,0,0,0,0,0,1,3
9,17,0,1,2,0,8,3,0,0,1,0,0,0,0,0,0,1,3
7,55,0,1,1,4,8,6,0,0,0,0,0,2,0,1,0,4,3
5,14,0,1,1,0,3,1,0,0,0,0,1,0,0,1,0,0,1
5,11,0,1,1,0,0,0,0,0,0,0,1,0,0,0,0,0,1
5,71,0,1,1,0,25,11,0,0,1,0,0,0,0,1,0,1,3
5,16,0,1,1,0,3,0,0,0,0,0,0,0,0,1,0,0,1
5,36,0,1,1,0,9,6,0,0,0,0,0,1,0,0,0,3,4
5,46,0,1,1,3,21,7,0,0,0,0,0,0,1,1,0,3,4
6,26,0,1,1,4,3,3,0,0,0,0,0,3,0,0,0,4,3
4,39,0,1,1,0,8,4,0,0,2,0,0,0,0,1,0,1,3
4,60,0,1,2,0,1,0,8,0,0,2,1,0,0,0,0,2,3
9,12,0,1,2,0,0,0,0,0,0,0,1,0,0,1,0,3,4
7,13,0,1,1,0,0,0,1,0,0,0,0,0,0,0,0,3,4
4,43,0,1,1,2,4,4,0,0,0,0,1,0,1,1,0,5,3
5,36,0,1,1,0,9,6,0,0,0,2,0,0,0,0,0,2,3
5,54,0,1,1,4,8,6,0,0,0,0,0,2,0,0,0,4,3
6,15,0,1,1,0,1,1,0,0,0,0,1,0,0,0,0,3,4
5,16,0,3,1,0,0,0,0,0,0,0,0,0,0,1,0,3,4
5,18,0,1,1,0,2,0,0,0,1,0,1,0,0,0,0,0,1
6,43,0,1,1,2,4,4,0,0,0,0,1,0,1,1,0,5,3
5,42,0,1,1,3,15,5,0,0,0,0,0,0,2,1,0,6,4
5,7,0,1,1,0,0,0,0,0,0,0,1,0,0,0,0,0,1
6,47,0,1,1,0,1,0,0,0,3,0,0,0,0,0,0,1,3
5,18,0,1,1,0,2,0,2,0,2,0,1,0,0,1,0,1,3
5,29,0,1,1,0,6,3,0,0,0,2,1,0,0,0,0,2,3
4,21,0,1,1,0,2,0,2,0,2,0,0,0,0,1,0,1,3
5,11,0,1,1,0,0,0,0,0,0,0,1,0,0,0,0,0,1
7,14,0,1,1,0,0,0,0,0,1,0,0,0,0,0,0,0,1
4,44,0,1,1,3,21,7,0,0,0,0,0,0,1,1,0,3,4
9,36,0,1,2,0,1,0,4,0,0,2,1,0,0,1,0,2,3
5,19,0,1,1,0,2,2,0,0,0,0,1,1,0,1,0,4,3
9,25,0,1,2,0,4,0,2,0,1,0,0,0,0,1,0,1,3
5,37,0,1,1,2,4,4,0,0,0,0,2,0,1,1,0,5,3
7,20,0,1,1,0,2,1,0,0,1,0,0,0,0,0,0,0,1
9,16,0,1,2,0,3,0,0,0,0,0,0,0,0,1,0,0,1
5,35,0,1,1,8,5,5,0,0,0,0,0,5,0,1,0,4,3
9,35,0,1,5,2,0,0,0,0,0,0,0,0,1,0,0,5,3
6,18,0,1,1,0,3,1,0,0,0,0,0,0,0,0,0,0,1
4,26,0,1,4,3,6,0,0,0,0,0,0,0,2,0,0,6,4
5,28,0,1,4,3,6,0,0,0,0,0,0,0,2,1,0,6,4
5,31,0,1,1,0,8,4,0,0,0,0,1,0,2,0,0,6,4
5,9,0,1,1,0,0,0,0,0,0,0,0,0,0,1,0,0,1
5,16,0,1,1,0,3,0,0,0,0,0,0,0,0,0,0,0,1
4,16,0,1,3,0,0,0,0,0,0,0,0,1,0,1,0,4,3
7,26,0,1,3,0,0,0,0,0,0,0,0,1,0,0,0,3,4
5,15,0,1,1,0,3,0,0,0,0,0,0,0,0,0,0,0,1
4,29,0,1,4,2,0,0,0,0,0,0,2,0,1,1,0,5,3
9,39,0,1,2,0,10,6,0,0,0,2,0,0,0,1,0,2,3
6,47,0,1,1,0,1,0,0,0,3,0,0,0,0,0,0,1,3
7,19,0,1,1,0,2,0,2,0,2,0,0,0,0,0,0,1,3
9,42,0,1,8,4,2,0,0,0,0,0,0,2,0,1,0,4,3
9,37,0,1,2,0,9,6,0,0,0,2,1,0,0,0,0,2,3
4,46,0,1,1,0,10,7,0,0,0,2,0,0,0,1,0,2,3
9,43,0,1,2,3,15,5,0,0,0,0,0,0,2,0,0,6,4
5,20,0,1,1,0,6,3,0,0,0,0,1,0,0,0,0,3,4
9,15,0,1,2,0,2,0,0,0,0,0,0,0,0,1,0,0,1
5,16,0,1,1,0,3,1,0,0,1,0,0,0,0,1,0,0,1
6,26,0,1,1,0,10,4,0,0,2,0,0,0,0,0,0,1,3
5,22,0,1,1,0,8,4,0,0,0,0,0,0,0,1,0,3,4
5,29,0,1,1,0,1,0,4,0,0,2,1,0,0,1,0,2,3
5,22,0,1,1,0,2,2,0,0,0,0,0,1,0,0,0,4,3
5,35,0,1,4,2,0,0,0,0,0,0,0,0,1,1,0,5,3
5,32,0,1,1,0,8,4,0,0,0,0,0,0,2,0,0,6,4
5,13,0,1,1,0,0,0,0,0,1,0,0,0,0,1,0,0,1
6,11,0,1,1,0,3,0,0,0,1,0,0,0,0,0,0,1,3
7,46,0,1,7,4,2,0,0,0,0,0,0,2,0,0,0,4,3
5,39,0,1,4,2,0,0,0,0,1,0,1,0,1,1,0,5,3
5,45,0,1,1,0,1,0,0,0,3,0,0,0,0,0,0,1,3
7,40,0,1,4,2,0,0,0,0,1,0,0,0,1,0,0,5,3
6,32,0,1,1,0,6,3,0,0,0,2,0,0,0,0,0,2,3
5,15,0,1,1,0,3,0,0,0,0,0,0,0,0,1,0,0,1
9,11,0,1,2,0,0,0,1,0,0,0,0,0,0,0,0,3,4
7,36,0,1,1,0,9,6,0,0,0,0,0,1,0,0,0,3,4
6,24,0,1,2,0,1,0,4,0,0,2,0,0,0,0,0,2,3
5,25,0,1,3,0,4,0,0,0,0,0,1,0,2,0,0,6,4
7,58,0,1,1,4,8,6,0,0,0,0,0,2,0,0,0,4,3
5,43,0,1,1,3,21,7,0,0,0,0,0,0,1,0,0,3,4
7,10,0,1,1,0,0,0,0,0,0,0,0,0,0,0,0,0,1
5,15,0,1,1,0,0,0,0,0,1,0,2,0,0,1,0,0,1
5,33,0,1,4,3,10,0,0,0,0,0,0,0,2,1,0,6,4
9,39,0,1,2,0,1,0,4,0,0,2,0,0,0,0,0,2,3
6,86,0,1,1,0,18,13,0,0,0,2,1,0,0,1,0,2,3
7,53,0,1,1,0,11,7,0,0,0,2,0,0,0,1,0,2,3
4,34,0,1,1,3,10,4,0,0,0,0,0,0,2,1,0,6,4
7,26,0,1,1,0,1,0,4,0,0,2,0,0,0,0,0,2,3
4,17,0,1,1,0,6,3,0,0,0,0,0,0,0,0,0,3,4
9,11,0,1,2,0,0,0,0,0,0,0,0,0,0,1,0,0,1
9,14,0,1,2,0,0,0,0,0,0,0,0,0,0,1,0,3,4
5,44,0,1,1,3,15,5,0,0,0,0,0,0,2,0,0,6,4
6,58,0,1,1,3,18,6,0,0,0,0,0,0,3,0,0,6,4
5,33,0,1,4,3,10,0,0,0,0,0,1,0,2,1,0,6,4
5,50,0,1,1,0,6,0,6,0,1,0,1,0,0,0,0,1,3
4,29,0,1,6,8,0,0,0,0,0,0,0,5,0,0,0,4,3
5,14,0,1,1,0,0,0,2,0,0,0,0,0,0,1,0,3,4
5,29,0,1,1,0,10,4,0,0,2,0,0,0,0,0,0,1,3
4,72,0,1,1,0,25,11,0,0,1,0,0,0,0,0,0,1,3
7,60,0,1,2,0,1,0,8,0,0,2,0,0,0,0,0,2,3
5,18,0,1,1,0,2,0,0,0,1,0,0,0,0,1,0,0,1
7,24,0,1,6,8,0,0,0,0,0,0,0,5,0,0,0,4,3
5,55,0,1,1,3,18,6,0,0,0,0,1,0,3,0,0,6,4
5,8,0,1,1,0,0,0,0,0,0,0,0,0,0,1,0,0,1
5,44,0,1,1,3,15,5,0,0,0,0,0,0,2,1,0,6,4
7,32,0,1,1,0,6,3,0,0,0,2,0,0,0,1,0,2,3
4,24,0,1,1,0,1,0,2,0,0,2,0,0,0,0,0,2,3
5,37,0,1,1,8,5,5,0,0,0,0,1,5,0,0,0,4,3
4,29,0,3,1,3,7,0,0,0,0,0,0,0,1,0,0,3,4
7,36,0,1,1,3,10,4,0,0,0,0,0,0,2,1,0,6,4
7,37,0,1,1,0,9,6,0,0,0,2,1,0,0,1,0,2,3
5,30,0,1,1,0,1,0,4,0,1,2,0,0,0,0,0,2,3
6,30,0,1,1,0,6,3,0,0,0,2,0,0,0,0,0,2,3
5,39,0,1,1,0,9,6,0,0,0,0,0,1,0,0,0,3,4
9,19,0,1,5,4,0,0,0,0,0,0,0,3,0,1,0,4,3
5,18,0,1,1,0,3,1,0,0,0,0,0,0,0,0,0,0,1
7,17,0,1,1,0,2,2,0,0,0,0,0,1,0,1,0,4,3
6,36,0,1,1,0,9,6,0,0,0,2,0,0,0,0,0,2,3
9,24,0,1,4,0,0,0,0,0,0,0,1,1,0,0,0,3,4
9,87,0,1,2,0,18,13,0,0,0,2,0,0,0,0,0,2,3
7,45,0,1,1,3,21,7,0,0,0,0,0,0,1,1,0,3,4
5,73,0,1,1,0,25,11,0,0,1,0,0,0,0,0,0,1,3
5,42,0,1,6,3,12,0,0,0,0,0,1,0,3,1,0,6,4
4,20,0,1,1,0,2,2,0,0,0,0,0,1,0,1,0,4,3
7,13,0,1,1,0,0,0,2,0,0,0,1,0,0,0,0,3,4
6,47,0,1,7,4,2,0,0,0,0,0,0,2,0,0,0,4,3
5,15,0,1,1,0,4,1,0,0,0,0,1,0,0,0,0,0,1
6,37,0,1,1,0,1,0,4,0,0,2,0,0,0,1,0,2,3
5,35,0,1,4,2,0,0,0,0,0,0,0,0,1,1,0,5,3
5,15,0,1,1,0,2,0,0,0,0,0,1,0,0,1,0,0,1
5,7,0,1,1,0,0,0,0,0,0,0,0,0,0,1,0,0,1
4,26,0,1,1,0,1,0,4,0,0,2,1,0,0,0,0,2,3
5,40,0,1,4,2,0,0,0,0,1,0,0,0,1,1,0,5,3
5,12,0,1,1,0,0,0,0,0,0,0,0,0,0,0,0,3,4
7,34,0,1,4,2,0,0,0,0,0,0,0,0,1,0,0,5,3
4,45,0,1,1,3,15,5,0,0,0,0,0,0,2,0,0,6,4
4,13,0,1,1,0,0,0,1,0,0,0,0,0,0,0,0,1,3
5,19,0,1,1,0,3,0,4,0,1,0,0,0,0,0,0,1,3
7,49,0,1,1,0,1,0,0,0,3,0,0,0,0,0,0,1,3
5,13,0,1,1,0,1,1,0,0,0,0,1,0,0,0,0,3,4
4,23,0,1,3,0,4,0,0,0,0,0,0,0,2,0,0,6,4
7,55,0,1,1,3,18,6,0,0,0,0,0,0,3,1,0,6,4
6,34,0,1,1,0,1,0,4,0,1,2,0,0,0,0,0,2,3
7,31,0,1,1,0,8,4,0,0,0,0,0,0,2,0,0,6,4
4,47,0,1,1,3,15,5,0,0,0,0,0,0,2,0,0,6,4
5,29,0,1,1,4,3,3,0,0,0,0,0,3,0,0,0,4,3
5,25,0,1,1,0,1,0,4,0,0,2,0,0,0,1,0,2,3
9,18,0,1,2,0,6,3,0,0,0,0,0,0,0,1,0,3,4
4,12,0,1,1,0,0,0,0,0,0,0,0,0,0,0,0,0,1
4,17,0,1,1,0,2,1,0,0,1,0,1,0,0,0,0,0,1
4,16,0,1,1,0,2,0,2,0,2,0,0,0,0,1,0,1,3
9,35,0,1,2,4,9,3,0,1,0,0,0,0,0,1,0,4,3
5,27,0,1,3,0,0,0,0,0,0,0,0,1,0,1,0,3,4
6,34,0,1,1,3,10,4,0,0,0,0,1,0,2,0,0,6,4
9,16,0,1,2,0,8,3,0,0,1,0,0,0,0,1,0,1,3
5,8,0,1,1,0,0,0,0,0,0,0,1,0,0,1,0,0,1
5,37,0,1,1,8,5,5,0,0,0,0,0,5,0,0,0,4,3
4,8,0,1,1,0,0,0,0,0,0,0,0,0,0,1,0,0,1
7,11,0,1,1,0,0,0,0,0,0,0,0,0,0,1,0,3,4
4,13,0,1,1,0,2,0,0,0,0,0,0,0,0,0,0,0,1
4,45,0,1,1,2,4,4,0,0,0,0,0,0,1,1,0,5,3
4,49,0,1,1,0,11,7,0,0,0,2,0,0,0,0,0,2,3
9,35,0,1,5,2,0,0,0,0,0,0,1,0,1,0,0,5,3
5,27,0,1,6,8,0,0,0,0,0,0,1,5,0,1,0,4,3
7,42,0,1,1,0,16,7,0,0,1,0,0,0,0,1,0,1,3
6,31,0,1,1,4,9,3,0,1,0,0,0,0,0,0,0,4,3
5,28,0,1,1,0,16,7,0,0,1,0,0,0,0,0,0,1,3
6,16,0,1,1,0,2,0,2,0,2,0,0,0,0,0,0,1,3
5,35,0,1,1,3,10,4,0,0,0,0,0,0,2,1,0,6,4
4,35,0,1,4,2,0,0,0,0,0,0,0,0,1,1,0,5,3
5,17,0,1,1,0,0,0,0,0,1,0,0,0,0,0,0,0,1
5,32,0,1,1,3,10,4,0,0,0,0,0,0,2,0,0,6,4
6,27,0,1,1,0,8,4,0,0,0,0,0,0,0,1,0,3,4
9,17,0,1,2,0,3,0,4,0,1,0,0,0,0,1,0,1,3
4,19,0,1,1,0,6,3,0,0,0,0,0,0,0,1,0,3,4
4,54,0,1,1,4,8,6,0,0,0,0,0,2,0,0,0,4,3
7,28,0,1,3,0,4,0,0,0,0,0,0,0,2,0,0,6,4
6,40,0,1,1,0,16,7,0,0,1,0,0,0,0,0,0,1,3
5,26,0,1,4,3,6,0,0,0,0,0,0,0,2,0,0,6,4
9,16,0,1,2,0,3,1,0,0,0,0,1,0,0,0,0,0,1
9,13,0,1,2,0,0,0,0,0,0,0,0,0,0,1,0,0,1
4,13,0,1,1,0,2,0,0,0,1,0,0,0,0,1,0,0,1
5,26,0,1,3,0,0,0,0,0,0,0,0,1,0,1,0,3,4
9,60,0,1,3,0,1,0,8,0,0,2,1,0,0,1,0,2,3
5,50,0,1,1,0,1,0,0,0,3,0,0,0,0,1,0,1,3
5,16,0,1,1,0,4,2,0,0,0,0,2,0,0,0,0,3,4
9,22,0,1,4,0,0,0,0,0,0,0,0,1,0,0,0,3,4
5,33,0,1,1,3,10,4,0,0,0,0,0,0,2,1,0,6,4
5,22,0,1,1,0,6,3,0,0,0,0,1,0,0,1,0,3,4
5,17,0,1,1,0,1,1,0,0,0,0,0,0,0,0,0,3,4
5,12,0,1,1,0,0,0,1,0,0,0,0,0,0,1,0,1,3
6,17,0,1,1,0,2,0,0,0,0,0,0,0,0,1,0,0,1
6,54,0,1,1,3,18,6,0,0,0,0,0,0,3,1,0,6,4
5,20,0,1,1,0,2,2,0,0,0,0,0,1,0,1,0,4,3
5,22,0,1,1,0,1,0,2,0,0,2,0,0,0,1,0,2,3
5,26,0,1,4,3,6,0,0,0,0,0,1,0,2,0,0,6,4
5,9,0,1,1,0,0,0,0,0,0,0,1,0,0,0,0,0,1
9,19,0,1,2,0,2,1,0,0,1,0,0,0,0,1,0,0,1
9,60,0,1,3,0,1,0,8,0,0,2,0,0,0,0,0,2,3
9,11,0,1,2,0,3,0,0,0,1,0,0,0,0,1,0,1,3
5,26,0,1,1,0,1,0,2,0,0,2,0,0,0,0,0,2,3
5,23,0,1,3,0,0,0,0,0,0,0,0,1,0,1,0,3,4
4,27,0,1,1,4,3,3,0,0,0,0,0,3,0,0,0,4,3
5,56,0,1,1,4,8,6,0,0,0,0,1,2,0,0,0,4,3
5,27,0,1,2,0,1,0,4,0,0,2,0,0,0,0,0,2,3
7,19,0,1,1,0,2,2,0,0,0,0,1,1,0,1,0,4,3
5,44,0,1,6,3,12,0,0,0,0,0,1,0,3,0,0,6,4
5,29,0,1,2,0,1,0,6,0,0,2,1,0,0,0,0,2,3
5,13,0,1,1,0,2,0,0,0,1,0,0,0,0,1,0,0,1
9,36,0,1,2,0,9,6,0,0,0,0,0,1,0,0,0,3,4
5,24,0,1,4,3,6,0,0,0,0,0,0,0,2,0,0,6,4
4,13,0,1,1,0,4,1,0,0,0,0,0,0,0,0,0,0,1
5,24,0,1,3,0,0,0,0,0,0,0,1,1,0,0,0,3,4
5,29,0,1,4,2,0,0,0,0,0,0,2,0,1,1,0,5,3
7,19,0,1,1,0,3,1,0,0,0,0,0,0,0,1,0,0,1
5,49,0,1,1,2,4,4,0,0,1,0,0,0,1,0,0,5,3
7,14,0,1,1,0,3,1,0,0,0,0,0,0,0,1,0,0,1
7,39,0,1,4,2,0,0,0,0,1,0,0,0,1,0,0,5,3
4,41,0,1,1,2,4,4,0,0,0,0,0,0,1,1,0,5,3
5,28,0,3,1,3,7,0,0,0,0,0,0,0,1,1,0,3,4
7,12,0,1,1,0,3,0,0,0,1,0,1,0,0,0,0,1,3
5,15,0,1,1,0,0,0,1,0,0,0,1,0,0,0,0,3,4
4,38,0,1,1,0,8,4,0,0,2,0,0,0,0,0,0,1,3
7,25,0,1,6,8,0,0,0,0,0,0,0,5,0,1,0,4,3
5,37,0,1,1,3,10,4,0,0,0,0,0,0,2,0,0,6,4
7,18,0,3,1,0,0,0,0,0,0,0,0,0,0,0,0,3,4
9,15,0,1,2,0,0,0,0,0,1,0,0,0,0,1,0,0,1
6,15,0,1,1,0,0,0,0,0,1,0,1,0,0,1,0,0,1
6,40,0,1,4,2,0,0,0,0,1,0,0,0,1,0,0,5,3
5,26,0,1,1,0,1,0,4,0,0,2,1,0,0,1,0,2,3
7,30,0,1,1,0,6,3,0,0,0,2,0,0,0,0,0,2,3
7,12,0,1,1,0,0,0,0,0,0,0,0,0,0,0,0,0,1
9,43,0,1,2,3,21,7,0,0,0,0,1,0,1,1,0,3,4
5,15,0,1,1,0,2,0,0,0,1,0,1,0,0,0,0,0,1
5,50,0,1,1,0,6,0,6,0,1,0,1,0,0,0,0,1,3
7,40,0,1,1,2,4,4,0,0,0,0,1,0,1,0,0,5,3
6,7,0,1,1,0,0,0,0,0,0,0,0,0,0,1,0,0,1
5,15,0,1,1,0,0,0,1,0,0,0,1,0,0,1,0,3,4
5,15,0,1,1,0,3,0,0,0,0,0,0,0,0,1,0,0,1
6,14,0,1,1,0,0,0,0,0,1,0,0,0,0,1,0,0,1
5,7,0,1,1,0,0,0,0,0,0,0,1,0,0,1,0,0,1
6,19,0,1,1,0,3,1,0,0,0,0,0,0,0,0,0,0,1
5,9,0,1,1,0,0,0,0,0,0,0,1,0,0,0,0,0,1
6,15,0,1,1,0,4,1,0,0,0,0,1,0,0,0,0,0,1
5,25,0,1,1,4,3,3,0,0,0,0,0,3,0,0,0,4,3
5,39,0,1,1,2,4,4,0,0,0,0,1,0,1,1,0,5,3
6,44,0,1,1,3,21,7,0,0,0,0,0,0,1,1,0,3,4
9,47,0,1,2,3,15,5,0,0,0,0,0,0,2,1,0,6,4
5,16,0,1,1,0,3,0,0,0,0,0,0,0,0,1,0,0,1
7,48,0,1,1,0,1,0,0,0,3,0,0,0,0,0,0,1,3
7,29,0,1,6,8,0,0,0,0,0,0,0,5,0,1,0,4,3
5,42,0,1,6,3,12,0,0,0,0,0,0,0,3,0,0,6,4
6,33,0,1,1,4,9,3,0,1,0,0,0,0,0,1,0,4,3
4,12,0,1,1,0,0,0,0,0,0,0,1,0,0,1,0,3,4
7,10,0,1,1,0,0,0,0,0,0,0,0,0,0,0,0,0,1
5,9,0,1,1,0,0,0,0,0,0,0,1,0,0,0,0,0,1
9,20,0,1,5,4,0,0,0,0,0,0,0,3,0,0,0,4,3
5,58,0,1,1,3,18,6,0,0,0,0,1,0,3,1,0,6,4
7,10,0,1,1,0,0,0,0,0,0,0,1,0,0,1,0,0,1
5,15,0,1,1,0,4,1,0,0,0,0,2,0,0,0,0,0,1
6,16,0,1,1,0,1,1,0,0,0,0,0,0,0,0,0,3,4
5,31,0,1,1,0,16,7,0,0,1,0,1,0,0,0,0,1,3
6,12,0,1,1,0,2,0,0,0,0,0,0,0,0,1,0,0,1
4,13,0,1,1,0,3,0,0,0,0,0,0,0,0,0,0,0,1
4,38,0,1,4,2,0,0,0,0,0,0,0,0,1,1,0,5,3
5,29,0,1,4,2,0,0,0,0,0,0,2,0,1,0,0,5,3
5,19,0,1,1,0,2,1,0,0,1,0,0,0,0,0,0,0,1
5,23,0,1,4,4,0,0,0,0,0,0,1,3,0,1,0,4,3
7,39,0,1,1,8,5,5,0,0,0,0,0,5,0,0,0,4,3
5,16,0,3,1,0,0,0,0,0,0,0,2,0,0,0,0,3,4
9,36,0,1,2,0,9,6,0,0,0,0,0,1,0,0,0,3,4
5,32,0,1,1,4,9,3,0,1,0,0,0,0,0,0,0,4,3
7,28,0,1,1,0,1,0,4,0,0,2,0,0,0,1,0,2,3
5,19,0,1,1,0,6,3,0,0,0,0,1,0,0,0,0,3,4
6,88,0,1,1,0,18,13,0,0,0,2,0,0,0,1,0,2,3
5,49,0,1,1,0,13,8,0,0,1,2,1,0,0,1,0,2,3
6,26,0,1,1,0,4,0,2,0,1,0,0,0,0,0,0,1,3
5,23,0,1,1,0,1,0,2,0,0,2,1,0,0,0,0,2,3
4,60,0,1,1,0,12,6,0,0,3,0,0,0,0,0,0,1,3
9,23,0,1,3,0,1,0,4,0,0,2,0,0,0,1,0,2,3
7,47,0,1,1,3,15,5,0,0,0,0,0,0,2,1,0,6,4
7,16,0,1,1,0,2,0,0,0,0,0,0,0,0,1,0,0,1
7,50,0,1,1,0,11,7,0,0,0,2,0,0,0,1,0,2,3
9,71,0,1,2,0,25,11,0,0,1,0,0,0,0,0,0,1,3
5,35,0,1,1,0,1,0,4,0,1,2,0,0,0,0,0,2,3
5,49,0,1,1,0,1,0,0,0,3,0,0,0,0,1,0,1,3
5,48,0,1,1,2,4,4,0,0,1,0,0,0,1,0,0,5,3
4,17,0,1,1,0,3,1,0,0,1,0,0,0,0,0,0,0,1
4,7,0,1,1,0,0,0,0,0,0,0,0,0,0,0,0,0,1
9,28,0,1,2,0,1,0,4,0,0,2,0,0,0,1,0,2,3
7,12,0,1,1,0,2,0,0,0,0,0,0,0,0,1,0,0,1
9,48,0,1,2,0,13,8,0,0,1,2,0,0,0,0,0,2,3
4,11,0,1,1,0,0,0,0,0,0,0,0,0,0,0,0,0,1
5,17,0,1,1,0,2,1,0,0,1,0,1,0,0,1,0,0,1
7,43,0,1,7,4,2,0,0,0,0,0,0,2,0,0,0,4,3
6,23,0,1,3,0,4,0,0,0,0,0,0,0,2,1,0,6,4
5,71,0,1,1,0,25,11,0,0,1,0,0,0,0,0,0,1,3
5,14,0,1,1,0,2,0,0,0,0,0,0,0,0,1,0,0,1
7,36,0,1,1,2,4,4,0,0,0,0,1,0,1,1,0,5,3
5,59,0,1,2,0,1,0,8,0,0,2,0,0,0,1,0,2,3
4,17,0,1,1,0,0,0,0,0,1,0,0,0,0,0,0,0,1
9,51,0,1,2,0,6,0,6,0,1,0,0,0,0,0,0,1,3
7,29,0,1,1,0,4,0,2,0,1,0,0,0,0,0,0,1,3
5,18,0,1,1,0,2,0,0,0,1,0,0,0,0,0,0,0,1
9,44,0,1,2,0,16,7,0,0,1,0,0,0,0,0,0,1,3
7,12,0,1,1,0,3,0,0,0,0,0,0,0,0,1,0,0,1
7,13,0,1,1,0,0,0,0,0,0,0,0,0,0,1,0,3,4
6,12,0,1,1,0,0,0,0,0,0,0,1,0,0,1,0,3,4
4,8,0,1,1,0,0,0,0,0,0,0,0,0,0,1,0,0,1
5,14,0,1,1,0,1,1,0,0,0,0,0,0,0,0,0,3,4
4,15,0,1,1,0,4,2,0,0,0,0,0,0,0,1,0,3,4
5,33,0,1,1,4,9,3,0,1,0,0,1,0,0,0,0,4,3
5,46,0,1,6,3,12,0,0,0,0,0,0,0,3,1,0,6,4
5,16,0,1,1,0,2,0,2,0,2,0,0,0,0,1,0,1,3
5,12,0,1,1,0,2,0,0,0,0,0,0,0,0,0,0,0,1
6,46,0,1,1,3,21,7,0,0,0,0,0,0,1,0,0,3,4
5,11,0,1,1,0,0,0,0,0,0,0,0,0,0,1,0,3,4
9,61,0,1,3,0,1,0,8,0,0,2,0,0,0,0,0,2,3
5,12,0,1,1,0,3,0,0,0,0,0,0,0,0,1,0,0,1
4,38,0,1,1,0,10,6,0,0,0,2,1,0,0,1,0,2,3
9,36,0,1,2,0,9,6,0,0,0,2,0,0,0,0,0,2,3
5,21,0,1,1,0,6,3,0,0,0,0,1,0,0,0,0,3,4
7,44,0,1,6,3,12,0,0,0,0,0,1,0,3,1,0,6,4
7,39,0,1,1,8,5,5,0,0,0,0,0,5,0,1,0,4,3
6,35,0,1,1,3,10,4,0,0,0,0,0,0,2,0,0,6,4
5,15,0,1,1,0,4,1,0,0,0,0,2,0,0,0,0,0,1
5,12,0,1,1,0,0,0,0,0,0,0,0,0,0,0,0,0,1
7,14,0,1,1,0,2,0,0,0,0,0,1,0,0,0,0,0,1
4,14,0,1,1,0,4,2,0,0,0,0,0,0,0,0,0,3,4
5,7,0,1,1,0,0,0,0,0,0,0,0,0,0,0,0,0,1
7,25,0,1,1,0,1,0,2,0,0,2,0,0,0,1,0,2,3
7,39,0,1,1,0,16,7,0,0,1,0,0,0,0,1,0,1,3
5,51,0,1,1,0,13,8,0,0,1,2,0,0,0,0,0,2,3
9,23,0,1,5,4,0,0,0,0,0,0,0,3,0,1,0,4,3
7,15,0,1,1,0,3,0,0,0,0,0,0,0,0,0,0,0,1
5,37,0,1,4,2,0,0,0,0,0,0,1,0,1,1,0,5,3
6,14,0,1,1,0,3,0,0,0,0,0,0,0,0,1,0,0,1
6,13,0,1,3,0,0,0,0,0,0,0,0,1,0,0,0,4,3
7,10,0,1,1,0,0,0,0,0,0,0,0,0,0,1,0,0,1
5,18,0,1,1,0,0,0,0,0,1,0,1,0,0,0,0,0,1
6,45,0,1,1,2,4,4,0,0,1,0,0,0,1,1,0,5,3
5,17,0,1,1,0,2,0,0,0,1,0,0,0,0,1,0,0,1
4,29,0,1,4,2,0,0,0,0,0,0,1,0,1,0,0,5,3
7,18,0,1,1,0,2,2,0,0,0,0,0,1,0,0,0,4,3
4,15,0,1,1,0,2,0,0,0,1,0,0,0,0,0,0,0,1
6,37,0,1,1,8,5,5,0,0,0,0,0,5,0,0,0,4,3
5,23,0,1,3,0,4,0,0,0,0,0,1,0,2,0,0,6,4
4,22,0,1,1,0,8,3,0,0,1,0,0,0,0,1,0,1,3
9,44,0,1,2,3,15,5,0,0,0,0,0,0,2,0,0,6,4
9,8,0,1,2,0,0,0,0,0,0,0,0,0,0,1,0,0,1
6,12,0,1,1,0,0,0,0,0,0,0,0,0,0,1,0,0,1
5,17,0,1,1,0,4,1,0,0,0,0,1,0,0,0,0,0,1
7,25,0,1,2,0,1,0,4,0,0,2,0,0,0,1,0,2,3
4,13,0,1,1,0,2,1,0,0,0,0,0,0,0,0,0,1,3
5,26,0,1,1,0,1,0,4,0,0,2,0,0,0,0,0,2,3
5,48,0,1,1,2,4,4,0,0,1,0,0,0,1,0,0,5,3
5,87,0,1,1,0,18,13,0,0,0,2,0,0,0,1,0,2,3
5,47,0,1,7,4,2,0,0,0,0,0,0,2,0,0,0,4,3
6,57,0,1,1,0,12,6,0,0,3,0,0,0,0,1,0,1,3
7,34,0,1,1,3,10,4,0,0,0,0,0,0,2,1,0,6,4
6,14,0,1,1,0,2,0,0,0,0,0,0,0,0,0,0,0,1
5,36,0,1,4,3,10,0,0,0,0,0,0,0,2,0,0,6,4
9,10,0,1,2,0,0,0,0,0,0,0,1,0,0,0,0,0,1
5,12,0,1,1,0,3,0,0,0,1,0,0,0,0,1,0,1,3
9,35,0,1,5,2,0,0,0,0,0,0,0,0,1,1,0,5,3
4,27,0,1,1,0,1,0,4,0,0,2,0,0,0,1,0,2,3
5,24,0,1,3,0,0,0,0,0,0,0,1,1,0,1,0,3,4
7,13,0,1,1,0,3,0,0,0,1,0,0,0,0,0,0,1,3
7,34,0,1,1,3,10,4,0,0,0,0,1,0,2,0,0,6,4
4,16,0,1,1,0,0,0,2,0,0,0,0,0,0,1,0,3,4
6,51,0,1,1,0,13,8,0,0,1,2,0,0,0,1,0,2,3
6,33,0,1,4,2,0,0,0,0,0,0,0,0,1,1,0,5,3
9,34,0,1,2,0,8,4,0,0,0,0,0,0,2,1,0,6,4
5,42,0,1,1,2,4,4,0,0,0,0,1,0,1,0,0,5,3
6,14,0,1,1,0,2,0,0,0,0,0,1,0,0,0,0,0,1
5,13,0,1,1,0,2,0,0,0,0,0,1,0,0,1,0,0,1
5,16,0,3,1,0,0,0,0,0,0,0,1,0,0,1,0,3,4
9,25,0,1,2,4,3,3,0,0,0,0,0,3,0,1,0,4,3
7,27,0,1,4,2,0,0,0,0,0,0,1,0,1,1,0,5,3
5,28,0,1,1,0,1,0,0,0,2,0,0,0,0,1,0,1,3
5,74,0,1,1,0,25,11,0,0,1,0,1,0,0,0,0,1,3
9,24,0,1,3,0,1,0,4,0,0,2,0,0,0,1,0,2,3
7,16,0,1,1,0,0,0,2,0,0,0,0,0,0,1,0,3,4
4,17,0,1,1,0,8,3,0,0,1,0,0,0,0,1,0,1,3
5,84,0,1,1,0,18,13,0,0,0,2,1,0,0,1,0,2,3
6,11,0,1,1,0,0,0,0,0,0,0,0,0,0,0,0,0,1
4,30,0,1,1,4,9,3,0,1,0,0,0,0,0,1,0,4,3
4,15,0,1,1,0,0,0,0,0,1,0,1,0,0,1,0,0,1
5,10,0,1,1,0,0,0,0,0,0,0,2,0,0,1,0,0,1
5,58,0,1,1,4,8,6,0,0,0,0,1,2,0,1,0,4,3
5,28,0,1,1,4,3,3,0,0,0,0,0,3,0,1,0,4,3
4,33,0,1,1,0,8,4,0,0,0,0,0,0,2,1,0,6,4
5,15,0,1,1,0,2,0,0,0,0,0,1,0,0,1,0,0,1
9,36,0,1,5,3,10,0,0,0,0,0,0,0,2,1,0,6,4
5,37,0,1,1,2,4,4,0,0,0,0,2,0,1,1,0,5,3
7,46,0,1,1,2,4,4,0,0,1,0,0,0,1,1,0,5,3
5,41,0,1,4,2,0,0,0,0,1,0,1,0,1,0,0,5,3
6,17,0,1,3,0,0,0,0,0,0,0,0,1,0,0,0,4,3
7,30,0,1,1,0,16,7,0,0,1,0,1,0,0,1,0,1,3
6,12,0,1,1,0,0,0,2,0,0,0,0,0,0,1,0,3,4
5,35,0,1,1,2,4,4,0,0,0,0,2,0,1,1,0,5,3
5,27,0,1,1,0,1,0,4,0,0,2,0,0,0,1,0,2,3
5,15,0,1,1,0,0,0,1,0,0,0,0,0,0,0,0,1,3
4,29,0,1,1,0,1,0,0,0,2,0,0,0,0,1,0,1,3
4,36,0,1,1,2,4,4,0,0,0,0,1,0,1,0,0,5,3
4,20,0,1,1,0,6,3,0,0,0,0,0,0,0,1,0,3,4
9,28,0,1,2,4,3,3,0,0,0,0,0,3,0,0,0,4,3
6,47,0,1,1,2,4,4,0,0,1,0,0,0,1,0,0,5,3
5,25,0,1,1,4,3,3,0,0,0,0,0,3,0,0,0,4,3
5,23,0,1,3,0,4,0,0,0,0,0,0,0,2,0,0,6,4
9,30,0,1,2,4,9,3,0,1,0,0,0,0,0,1,0,4,3
9,15,0,1,2,0,2,0,0,0,0,0,0,0,0,0,0,0,1
5,44,0,1,1,2,4,4,0,0,0,0,0,0,1,0,0,5,3
6,27,0,1,1,0,4,0,2,0,1,0,1,0,0,1,0,1,3
5,27,0,1,4,2,0,0,0,0,0,0,2,0,1,1,0,5,3
5,7,0,1,1,0,0,0,0,0,0,0,0,0,0,1,0,0,1
4,58,0,1,2,0,1,0,8,0,0,2,0,0,0,0,0,2,3
6,15,0,1,1,0,4,1,0,0,0,0,1,0,0,0,0,0,1
4,26,0,1,4,3,6,0,0,0,0,0,0,0,2,0,0,6,4
6,14,0,1,1,0,2,1,0,0,0,0,1,0,0,0,0,1,3
5,20,0,1,1,0,3,1,0,0,1,0,1,0,0,0,0,0,1
5,56,0,1,1,3,18,6,0,0,0,0,2,0,3,0,0,6,4
7,24,0,1,3,0,4,0,0,0,0,0,0,0,2,0,0,6,4
5,12,0,1,1,0,0,0,0,0,0,0,1,0,0,1,0,0,1
9,16,0,1,2,0,0,0,0,0,1,0,0,0,0,1,0,0,1
6,10,0,1,1,0,0,0,0,0,0,0,1,0,0,1,0,0,1
5,34,0,1,4,2,0,0,0,0,0,0,1,0,1,1,0,5,3
5,19,0,1,1,0,3,0,4,0,1,0,0,0,0,1,0,1,3
5,59,0,1,1,3,18,6,0,0,0,0,0,0,3,0,0,6,4
5,10,0,1,1,0,0,0,0,0,0,0,0,0,0,0,0,0,1
4,12,0,1,1,0,0,0,1,0,0,0,0,0,0,0,0,3,4
5,25,0,1,1,0,1,0,2,0,0,2,1,0,0,1,0,2,3
4,16,0,1,1,0,0,0,0,0,1,0,0,0,0,0,0,0,1
6,29,0,3,1,3,7,0,0,0,0,0,1,0,1,0,0,3,4
9,44,0,1,8,4,2,0,0,0,0,0,0,2,0,0,0,4,3
4,25,0,1,3,0,4,0,0,0,0,0,0,0,2,1,0,6,4
7,85,0,1,1,0,18,13,0,0,0,2,0,0,0,1,0,2,3
7,42,0,1,1,0,10,7,0,0,0,2,0,0,0,1,0,2,3
4,37,0,1,4,2,0,0,0,0,1,0,0,0,1,1,0,5,3
5,44,0,1,7,4,2,0,0,0,0,0,0,2,0,1,0,4,3
5,30,0,1,1,4,9,3,0,1,0,0,1,0,0,1,0,4,3
4,22,0,1,1,0,8,3,0,0,1,0,0,0,0,1,0,1,3
6,24,0,1,1,0,10,4,0,0,2,0,0,0,0,1,0,1,3
4,47,0,1,6,3,12,0,0,0,0,0,0,0,3,1,0,6,4
5,42,0,1,1,2,4,4,0,0,0,0,0,0,1,1,0,5,3
7,51,0,1,1,0,13,8,0,0,1,2,0,0,0,1,0,2,3
5,12,0,1,1,0,2,1,0,0,0,0,1,0,0,1,0,1,3
7,21,0,1,1,0,6,3,0,0,0,0,0,0,0,0,0,3,4
5,14,0,1,1,0,3,0,0,0,0,0,0,0,0,1,0,0,1
4,19,0,1,1,0,8,3,0,0,1,0,0,0,0,1,0,1,3
5,31,0,1,1,4,9,3,0,1,0,0,1,0,0,0,0,4,3
5,12,0,1,1,0,0,0,0,0,0,0,0,0,0,0,0,0,1
5,9,0,1,1,0,0,0,0,0,0,0,1,0,0,0,0,0,1
6,13,0,1,1,0,3,0,0,0,0,0,1,0,0,0,0,0,1
4,41,0,1,1,0,10,6,0,0,0,2,0,0,0,0,0,2,3
5,32,0,1,2,0,1,0,6,0,0,2,0,0,0,1,0,2,3
9,35,0,1,2,4,9,3,0,1,0,0,0,0,0,1,0,4,3
5,14,0,1,1,0,2,0,0,0,0,0,0,0,0,1,0,0,1
4,14,0,1,1,0,0,0,0,0,1,0,0,0,0,1,0,0,1
5,21,0,1,4,4,0,0,0,0,0,0,0,3,0,1,0,4,3
5,18,0,1,1,0,2,0,0,0,1,0,1,0,0,1,0,0,1
5,47,0,1,1,2,4,4,0,0,1,0,2,0,1,1,0,5,3
6,35,0,1,1,2,4,4,0,0,0,0,1,0,1,1,0,5,3
5,13,0,1,1,0,2,1,0,0,0,0,1,0,0,0,0,1,3
9,9,0,1,2,0,0,0,0,0,0,0,0,0,0,0,0,0,1
9,10,0,1,2,0,0,0,1,0,0,0,0,0,0,0,0,1,3
9,29,0,1,7,8,0,0,0,0,0,0,0,5,0,0,0,4,3
6,17,0,1,1,0,8,3,0,0,1,0,0,0,0,0,0,1,3
4,11,0,1,1,0,0,0,0,0,0,0,0,0,0,0,0,0,1
5,46,0,1,1,0,10,7,0,0,0,2,0,0,0,1,0,2,3
4,14,0,1,1,0,2,0,0,0,0,0,0,0,0,0,0,0,1
6,16,0,1,1,0,3,1,0,0,0,0,0,0,0,0,0,0,1
4,33,0,1,1,0,16,7,0,0,1,0,0,0,0,0,0,1,3
7,13,0,1,1,0,0,0,2,0,0,0,1,0,0,1,0,3,4
5,30,0,1,1,4,9,3,0,1,0,0,0,0,0,1,0,4,3
6,39,0,1,1,0,9,6,0,0,0,2,0,0,0,0,0,2,3
4,42,0,1,1,3,15,5,0,0,0,0,0,0,2,0,0,6,4
5,39,0,1,4,2,0,0,0,0,1,0,2,0,1,1,0,5,3
5,42,0,1,1,0,16,7,0,0,1,0,1,0,0,1,0,1,3
5,35,0,1,1,0,1,0,4,0,1,2,0,0,0,0,0,2,3
7,49,0,1,1,0,11,7,0,0,0,2,0,0,0,1,0,2,3
6,28,0,1,1,0,6,3,0,0,0,2,0,0,0,1,0,2,3
6,16,0,1,1,0,0,0,2,0,0,0,0,0,0,0,0,3,4
5,16,0,1,1,0,4,1,0,0,0,0,0,0,0,0,0,0,1
4,34,0,1,1,0,9,6,0,0,0,0,0,1,0,0,0,3,4
6,16,0,1,1,0,0,0,2,0,0,0,0,0,0,0,0,3,4
7,25,0,1,1,0,1,0,2,0,0,2,0,0,0,1,0,2,3
9,15,0,1,2,0,3,0,0,0,0,0,0,0,0,1,0,0,1
7,48,0,1,1,0,1,0,0,0,3,0,0,0,0,0,0,1,3
9,18,0,1,2,0,2,2,0,0,0,0,0,1,0,0,0,4,3
5,18,0,1,4,4,0,0,0,0,0,0,0,3,0,0,0,4,3
6,46,0,1,1,3,21,7,0,0,0,0,0,0,1,0,0,3,4
6,29,0,1,4,3,6,0,0,0,0,0,0,0,2,1,0,6,4
5,35,0,1,4,2,0,0,0,0,0,0,0,0,1,0,0,5,3
5,14,0,1,1,0,2,1,0,0,0,0,1,0,0,0,0,1,3
5,40,0,1,1,2,4,4,0,0,0,0,1,0,1,1,0,5,3
6,12,0,1,1,0,3,0,0,0,0,0,0,0,0,0,0,0,1
6,36,0,1,1,0,1,0,4,0,0,2,0,0,0,0,0,2,3
5,14,0,1,3,0,0,0,0,0,0,0,0,1,0,0,0,4,3
5,19,0,1,1,0,3,1,0,0,0,0,0,0,0,0,0,0,1
4,37,0,1,1,0,1,0,4,0,0,2,0,0,0,0,0,2,3
9,14,0,1,2,0,3,0,4,0,1,0,0,0,0,1,0,1,3
9,43,0,1,2,0,16,7,0,0,1,0,0,0,0,0,0,1,3
5,11,0,1,1,0,0,0,0,0,0,0,0,0,0,1,0,0,1
4,33,0,1,4,2,0,0,0,0,0,0,0,0,1,1,0,5,3
7,26,0,1,1,0,1,0,0,0,2,0,0,0,0,1,0,1,3
4,50,0,1,1,0,6,0,6,0,1,0,1,0,0,1,0,1,3
9,15,0,1,2,0,2,0,0,0,0,0,0,0,0,1,0,0,1
7,46,0,1,1,0,1,0,0,0,3,0,0,0,0,1,0,1,3
7,41,0,1,1,0,16,7,0,0,1,0,1,0,0,0,0,1,3
5,37,0,1,1,2,4,4,0,0,0,0,3,0,1,1,0,5,3
7,14,0,1,1,0,3,0,0,0,0,0,0,0,0,0,0,0,1
5,58,0,1,1,3,18,6,0,0,0,0,1,0,3,1,0,6,4
7,12,0,1,1,0,0,0,2,0,0,0,0,0,0,1,0,3,4
5,48,0,1,1,2,4,4,0,0,1,0,0,0,1,0,0,5,3
5,12,0,1,1,0,0,0,0,0,0,0,1,0,0,1,0,3,4
5,25,0,1,3,0,4,0,0,0,0,0,1,0,2,0,0,6,4
5,29,0,1,1,0,6,3,0,0,0,2,2,0,0,0,0,2,3
9,12,0,1,2,0,0,0,0,0,0,0,0,0,0,1,0,0,1
4,44,0,1,1,2,4,4,0,0,0,0,0,0,1,0,0,5,3
9,58,0,1,2,4,8,6,0,0,0,0,0,2,0,0,0,4,3
5,55,0,1,1,4,8,6,0,0,0,0,1,2,0,1,0,4,3
6,15,0,1,1,0,2,0,0,0,1,0,0,0,0,0,0,0,1
4,12,0,1,1,0,0,0,0,0,0,0,0,0,0,1,0,0,1
5,35,0,1,1,0,8,4,0,0,0,0,0,0,2,0,0,6,4
4,60,0,1,2,0,1,0,8,0,0,2,1,0,0,1,0,2,3
4,18,0,1,1,0,2,0,2,0,2,0,1,0,0,1,0,1,3
5,50,0,1,1,2,4,4,0,0,1,0,1,0,1,1,0,5,3
7,19,0,1,1,0,2,2,0,0,0,0,1,1,0,0,0,4,3
5,12,0,1,1,0,0,0,0,0,0,0,0,0,0,1,0,0,1
4,18,0,1,1,0,1,1,0,0,0,0,0,0,0,1,0,3,4
5,29,0,1,1,0,6,3,0,0,0,2,1,0,0,1,0,2,3
4,58,0,1,1,4,8,6,0,0,0,0,0,2,0,1,0,4,3
5,38,0,1,1,0,10,6,0,0,0,2,2,0,0,0,0,2,3
9,29,0,1,7,8,0,0,0,0,0,0,0,5,0,0,0,4,3
9,18,0,1,2,0,4,1,0,0,0,0,0,0,0,1,0,0,1
9,19,0,1,5,4,0,0,0,0,0,0,0,3,0,1,0,4,3
6,14,0,1,1,0,3,1,0,0,0,0,0,0,0,1,0,0,1
4,45,0,1,6,3,12,0,0,0,0,0,0,0,3,0,0,6,4
6,37,0,1,4,2,0,0,0,0,1,0,0,0,1,0,0,5,3
6,10,0,1,1,0,0,0,0,0,0,0,0,0,0,1,0,0,1
9,19,0,1,2,0,6,3,0,0,0,0,0,0,0,0,0,3,4
4,15,0,1,1,0,4,1,0,0,0,0,1,0,0,1,0,0,1
6,46,0,1,6,3,12,0,0,0,0,0,0,0,3,0,0,6,4
5,10,0,1,1,0,0,0,0,0,0,0,0,0,0,1,0,0,1
5,47,0,1,1,3,15,5,0,0,0,0,0,0,2,0,0,6,4
5,36,0,1,4,2,0,0,0,0,0,0,0,0,1,0,0,5,3
9,15,0,1,2,0,3,1,0,0,1,0,0,0,0,1,0,0,1
5,8,0,1,1,0,0,0,0,0,0,0,1,0,0,1,0,0,1
4,11,0,1,1,0,0,0,0,0,0,0,0,0,0,1,0,0,1
5,14,0,1,1,0,3,1,0,0,0,0,1,0,0,0,0,0,1
7,37,0,1,4,3,10,0,0,0,0,0,0,0,2,1,0,6,4
6,49,0,1,1,2,4,4,0,0,1,0,0,0,1,1,0,5,3
9,33,0,1,2,3,10,4,0,0,0,0,0,0,2,1,0,6,4
6,20,0,1,1,0,3,1,0,0,1,0,0,0,0,1,0,0,1
5,56,0,1,1,4,8,6,0,0,0,0,2,2,0,0,0,4,3
9,12,0,1,2,0,0,0,0,0,0,0,0,0,0,1,0,0,1
5,12,0,1,1,0,0,0,1,0,0,0,0,0,0,0,0,3,4
5,17,0,1,1,0,3,0,4,0,1,0,0,0,0,0,0,1,3
6,13,0,1,1,0,0,0,0,0,1,0,0,0,0,1,0,0,1
4,8,0,1,1,0,0,0,0,0,0,0,0,0,0,0,0,0,1
4,42,0,1,1,3,21,7,0,0,0,0,0,0,1,0,0,3,4
7,17,0,1,1,0,2,0,0,0,0,0,0,0,0,1,0,0,1
6,27,0,1,4,2,0,0,0,0,0,0,1,0,1,0,0,5,3
7,22,0,1,3,0,0,0,0,0,0,0,0,1,0,1,0,3,4
5,70,0,1,1,0,25,11,0,0,1,0,0,0,0,0,0,1,3
6,38,0,1,4,2,0,0,0,0,1,0,0,0,1,0,0,5,3
9,37,0,1,2,3,10,4,0,0,0,0,0,0,2,0,0,6,4
5,30,0,1,4,2,0,0,0,0,0,0,1,0,1,1,0,5,3
5,41,0,1,1,0,10,6,0,0,0,2,1,0,0,0,0,2,3
6,26,0,1,2,0,1,0,4,0,0,2,0,0,0,1,0,2,3
7,13,0,1,1,0,0,0,1,0,0,0,0,0,0,1,0,3,4
5,17,0,1,1,0,3,1,0,0,1,0,0,0,0,1,0,0,1
9,14,0,1,2,0,2,0,0,0,0,0,1,0,0,0,0,0,1
4,20,0,1,1,0,8,3,0,0,1,0,0,0,0,0,0,1,3
7,30,0,1,4,2,0,0,0,0,0,0,1,0,1,1,0,5,3
4,26,0,1,1,0,8,4,0,0,0,0,0,0,0,1,0,3,4
9,36,0,1,2,0,9,6,0,0,0,2,0,0,0,1,0,2,3
5,37,0,1,1,2,4,4,0,0,0,0,3,0,1,1,0,5,3
5,34,0,1,1,0,8,4,0,0,0,0,1,0,2,0,0,6,4
5,28,0,1,1,0,1,0,0,0,2,0,2,0,0,0,0,1,3
7,11,0,1,1,0,3,0,0,0,0,0,0,0,0,0,0,0,1
9,13,0,1,2,0,0,0,2,0,0,0,0,0,0,0,0,3,4
4,12,0,1,1,0,2,1,0,0,0,0,0,0,0,0,0,1,3
5,28,0,1,1,0,1,0,0,0,2,0,1,0,0,1,0,1,3
9,35,0,1,2,3,10,4,0,0,0,0,0,0,2,0,0,6,4
5,18,0,1,1,0,8,3,0,0,1,0,1,0,0,1,0,1,3
5,25,0,1,2,0,1,0,4,0,0,2,1,0,0,1,0,2,3
5,8,0,1,1,0,0,0,0,0,0,0,0,0,0,0,0,0,1
9,84,0,1,2,0,18,13,0,0,0,2,0,0,0,0,0,2,3
4,26,0,1,1,0,1,0,4,0,0,2,0,0,0,1,0,2,3
5,16,0,1,1,0,2,1,0,0,1,0,1,0,0,1,0,0,1
5,13,0,1,1,0,3,0,0,0,1,0,0,0,0,1,0,1,3
5,15,0,1,1,0,0,0,0,0,1,0,1,0,0,1,0,0,1
5,46,0,1,6,3,12,0,0,0,0,0,0,0,3,0,0,6,4
5,14,0,1,1,0,2,0,0,0,0,0,0,0,0,1,0,0,1
6,55,0,1,1,3,18,6,0,0,0,0,0,0,3,1,0,6,4
5,36,0,1,4,3,10,0,0,0,0,0,1,0,2,1,0,6,4
5,24,0,1,1,0,8,4,0,0,0,0,1,0,0,1,0,3,4
9,17,0,1,2,0,2,1,0,0,1,0,0,0,0,1,0,0,1
9,14,0,1,2,0,0,0,0,0,0,0,0,0,0,1,0,3,4
7,40,0,1,1,0,16,7,0,0,1,0,0,0,0,0,0,1,3
4,24,0,1,1,0,1,0,4,0,0,2,0,0,0,0,0,2,3
7,29,0,1,4,2,0,0,0,0,0,0,2,0,1,1,0,5,3
5,46,0,1,1,3,21,7,0,0,0,0,1,0,1,1,0,3,4
5,17,0,1,1,0,4,1,0,0,0,0,1,0,0,0,0,0,1
5,56,0,1,1,3,18,6,0,0,0,0,1,0,3,1,0,6,4
7,59,0,1,2,0,1,0,8,0,0,2,0,0,0,1,0,2,3
9,11,0,1,2,0,0,0,0,0,0,0,0,0,0,1,0,0,1
4,15,0,1,1,0,3,0,0,0,0,0,0,0,0,1,0,0,1
5,15,0,1,1,0,4,1,0,0,0,0,2,0,0,0,0,0,1
5,10,0,1,1,0,0,0,0,0,0,0,1,0,0,1,0,0,1
9,19,0,1,2,0,3,0,4,0,1,0,0,0,0,1,0,1,3
5,30,0,1,1,4,9,3,0,1,0,0,0,0,0,1,0,4,3
5,25,0,1,6,8,0,0,0,0,0,0,0,5,0,0,0,4,3
6,26,0,1,6,8,0,0,0,0,0,0,1,5,0,1,0,4,3
5,44,0,1,1,3,15,5,0,0,0,0,1,0,2,1,0,6,4
4,30,0,1,1,0,6,3,0,0,0,2,0,0,0,1,0,2,3
5,40,0,1,1,0,9,6,0,0,0,2,1,0,0,1,0,2,3
7,8,0,1,1,0,0,0,0,0,0,0,0,0,0,1,0,0,1
7,16,0,1,1,0,4,1,0,0,0,0,0,0,0,0,0,0,1
4,19,0,1,1,0,3,0,4,0,1,0,0,0,0,0,0,1,3
5,16,0,1,1,0,4,1,0,0,0,0,0,0,0,1,0,0,1
5,9,0,1,1,0,0,0,0,0,0,0,1,0,0,1,0,0,1
6,45,0,1,1,2,4,4,0,0,1,0,0,0,1,0,0,5,3
7,29,0,1,1,0,6,3,0,0,0,2,1,0,0,0,0,2,3
5,50,0,1,1,2,4,4,0,0,1,0,0,0,1,0,0,5,3
6,19,0,1,1,0,8,3,0,0,1,0,0,0,0,1,0,1,3
5,17,0,1,1,0,1,1,0,0,0,0,1,0,0,0,0,3,4
5,28,0,1,6,8,0,0,0,0,0,0,0,5,0,1,0,4,3
9,42,0,1,2,3,15,5,0,0,0,0,0,0,2,0,0,6,4
7,35,0,1,4,3,10,0,0,0,0,0,0,0,2,1,0,6,4
5,16,0,1,1,0,3,0,4,0,1,0,0,0,0,1,0,1,3
7,29,0,1,1,0,6,3,0,0,0,2,0,0,0,0,0,2,3
7,18,0,1,4,4,0,0,0,0,0,0,0,3,0,0,0,4,3
5,14,0,1,1,0,4,1,0,0,0,0,1,0,0,0,0,0,1
5,42,0,1,4,2,0,0,0,0,1,0,0,0,1,0,0,5,3
4,44,0,1,6,3,12,0,0,0,0,0,1,0,3,0,0,6,4
6,57,0,1,1,3,18,6,0,0,0,0,0,0,3,0,0,6,4
6,16,0,1,1,0,2,0,0,0,1,0,0,0,0,1,0,0,1
7,46,0,1,6,3,12,0,0,0,0,0,0,0,3,1,0,6,4
4,37,0,1,1,0,9,6,0,0,0,0,0,1,0,0,0,3,4
9,18,0,1,2,0,3,1,0,0,1,0,0,0,0,0,0,0,1
5,85,0,1,1,0,18,13,0,0,0,2,0,0,0,0,0,2,3
5,50,0,1,1,2,4,4,0,0,1,0,0,0,1,1,0,5,3
5,26,0,1,1,0,1,0,2,0,0,2,0,0,0,1,0,2,3
5,45,0,1,1,2,4,4,0,0,0,0,0,0,1,1,0,5,3
5,13,0,1,1,0,3,0,0,0,0,0,2,0,0,1,0,0,1
5,24,0,1,3,0,0,0,0,0,0,0,2,1,0,1,0,3,4
4,18,0,1,1,0,2,0,0,0,1,0,0,0,0,1,0,0,1
7,25,0,1,1,0,8,4,0,0,0,0,0,0,0,0,0,3,4
4,13,0,1,1,0,0,0,0,0,0,0,0,0,0,0,0,0,1
4,29,0,3,1,3,7,0,0,0,0,0,1,0,1,1,0,3,4
5,11,0,1,1,0,0,0,0,0,0,0,0,0,0,1,0,0,1
6,46,0,1,1,2,4,4,0,0,0,0,0,0,1,1,0,5,3
5,17,0,1,1,0,8,3,0,0,1,0,0,0,0,0,0,1,3
7,25,0,1,4,3,6,0,0,0,0,0,0,0,2,0,0,6,4
5,25,0,1,1,4,3,3,0,0,0,0,1,3,0,0,0,4,3
9,31,0,1,5,2,0,0,0,0,0,0,1,0,1,1,0,5,3
5,46,0,1,1,2,4,4,0,0,0,0,0,0,1,1,0,5,3
5,32,0,1,1,4,9,3,0,1,0,0,1,0,0,0,0,4,3
7,26,0,1,1,0,1,0,0,0,2,0,0,0,0,0,0,1,3
5,11,0,1,1,0,3,0,0,0,0,0,0,0,0,0,0,0,1
5,29,0,1,4,2,0,0,0,0,0,0,2,0,1,0,0,5,3
7,30,0,1,1,0,1,0,0,0,2,0,0,0,0,0,0,1,3
5,33,0,1,4,3,10,0,0,0,0,0,1,0,2,1,0,6,4
6,18,0,1,4,4,0,0,0,0,0,0,0,3,0,0,0,4,3
4,12,0,1,1,0,0,0,0,0,0,0,0,0,0,0,0,0,1
5,36,0,1,1,2,4,4,0,0,0,0,1,0,1,1,0,5,3
5,12,0,1,1,0,0,0,2,0,0,0,1,0,0,0,0,3,4
9,17,0,1,2,0,4,1,0,0,0,0,0,0,0,1,0,0,1
5,15,0,1,1,0,0,0,0,0,1,0,1,0,0,0,0,0,1
5,28,0,1,3,0,4,0,0,0,0,0,0,0,2,0,0,6,4
7,28,0,1,1,4,3,3,0,0,0,0,0,3,0,0,0,4,3
4,34,0,1,1,0,9,6,0,0,0,0,0,1,0,0,0,3,4
5,14,0,1,1,0,2,0,0,0,0,0,2,0,0,0,0,0,1
5,17,0,1,1,0,2,0,2,0,2,0,1,0,0,0,0,1,3
5,23,0,1,3,0,0,0,0,0,0,0,1,1,0,0,0,3,4
9,26,0,1,2,4,3,3,0,0,0,0,0,3,0,0,0,4,3
6,37,0,1,1,0,1,0,4,0,0,2,0,0,0,1,0,2,3
5,44,0,1,6,3,12,0,0,0,0,0,0,0,3,1,0,6,4
7,32,0,1,1,0,6,3,0,0,0,2,0,0,0,0,0,2,3
5,57,0,1,1,3,18,6,0,0,0,0,0,0,3,1,0,6,4
5,29,0,1,4,3,6,0,0,0,0,0,1,0,2,0,0,6,4
9,14,0,1,2,0,3,1,0,0,0,0,0,0,0,1,0,0,1
7,8,0,1,1,0,0,0,0,0,0,0,0,0,0,0,0,0,1
5,25,0,1,6,8,0,0,0,0,0,0,1,5,0,1,0,4,3
7,43,0,1,1,0,10,7,0,0,0,2,1,0,0,0,0,2,3
4,19,0,1,1,0,6,3,0,0,0,0,1,0,0,1,0,3,4
6,15,0,1,1,0,3,0,0,0,1,0,0,0,0,1,0,1,3
5,11,0,1,1,0,0,0,0,0,0,0,1,0,0,0,0,0,1
5,14,0,1,3,0,0,0,0,0,0,0,1,1,0,0,0,4,3
6,56,0,1,1,4,8,6,0,0,0,0,0,2,0,1,0,4,3
7,25,0,1,1,0,8,4,0,0,0,0,0,0,0,1,0,3,4
5,13,0,1,1,0,2,0,0,0,1,0,1,0,0,1,0,0,1
9,45,0,1,2,3,15,5,0,0,0,0,0,0,2,1,0,6,4
4,12,0,1,1,0,0,0,0,0,0,0,0,0,0,0,0,0,1
5,17,0,1,1,0,2,1,0,0,1,0,1,0,0,1,0,0,1
9,22,0,1,2,0,6,3,0,0,0,0,0,0,0,0,0,3,4
5,14,0,1,1,0,4,2,0,0,0,0,0,0,0,1,0,3,4
4,29,0,1,4,2,0,0,0,0,0,0,1,0,1,1,0,5,3
7,26,0,1,1,0,1,0,4,0,0,2,0,0,0,1,0,2,3
7,14,0,1,1,0,1,1,0,0,0,0,0,0,0,1,0,3,4
6,53,0,1,1,0,11,7,0,0,0,2,0,0,0,1,0,2,3
6,28,0,1,1,0,10,4,0,0,2,0,0,0,0,0,0,1,3
5,56,0,1,1,3,18,6,0,0,0,0,1,0,3,1,0,6,4
4,18,0,1,1,0,2,0,0,0,1,0,0,0,0,0,0,0,1
9,48,0,1,2,0,1,0,0,0,3,0,0,0,0,0,0,1,3
4,21,0,1,1,0,2,2,0,0,0,0,0,1,0,0,0,4,3
9,41,0,1,2,2,4,4,0,0,0,0,0,0,1,0,0,5,3
6,37,0,1,4,3,10,0,0,0,0,0,0,0,2,1,0,6,4
7,27,0,1,1,0,1,0,0,0,2,0,0,0,0,1,0,1,3
5,43,0,1,1,0,10,7,0,0,0,2,1,0,0,0,0,2,3
7,45,0,1,6,3,12,0,0,0,0,0,0,0,3,1,0,6,4
6,49,0,1,1,0,1,0,0,0,3,0,0,0,0,1,0,1,3
6,37,0,1,1,0,8,4,0,0,2,0,0,0,0,0,0,1,3
9,44,0,1,2,3,21,7,0,0,0,0,0,0,1,0,0,3,4
4,29,0,1,1,0,6,3,0,0,0,2,0,0,0,1,0,2,3
5,48,0,1,1,2,4,4,0,0,1,0,0,0,1,1,0,5,3
5,32,0,1,1,4,9,3,0,1,0,0,1,0,0,0,0,4,3
4,34,0,1,4,3,10,0,0,0,0,0,0,0,2,0,0,6,4
4,50,0,1,1,0,13,8,0,0,1,2,0,0,0,0,0,2,3
9,50,0,1,2,0,6,0,6,0,1,0,1,0,0,0,0,1,3
9,18,0,1,2,0,3,1,0,0,0,0,0,0,0,1,0,0,1
6,38,0,1,4,2,0,0,0,0,1,0,0,0,1,1,0,5,3
6,52,0,1,1,0,11,7,0,0,0,2,0,0,0,0,0,2,3
5,51,0,1,1,0,6,0,6,0,1,0,0,0,0,1,0,1,3
5,18,0,1,3,0,0,0,0,0,0,0,0,1,0,0,0,4,3
5,18,0,1,1,0,3,1,0,0,1,0,1,0,0,1,0,0,1
5,49,0,1,1,0,1,0,0,0,3,0,0,0,0,1,0,1,3
7,16,0,1,1,0,3,0,4,0,1,0,1,0,0,1,0,1,3
6,89,0,1,1,0,18,13,0,0,0,2,0,0,0,1,0,2,3
7,35,0,1,4,2,0,0,0,0,0,0,0,0,1,1,0,5,3
5,24,0,1,1,4,3,3,0,0,0,0,0,3,0,1,0,4,3
9,19,0,1,2,0,2,0,2,0,2,0,0,0,0,1,0,1,3
5,39,0,1,4,2,0,0,0,0,1,0,2,0,1,0,0,5,3
7,17,0,1,1,0,2,1,0,0,1,0,0,0,0,1,0,0,1
4,20,0,1,1,0,2,1,0,0,1,0,0,0,0,0,0,0,1
7,25,0,1,2,0,1,0,4,0,0,2,1,0,0,0,0,2,3
5,46,0,1,1,2,4,4,0,0,0,0,0,0,1,1,0,5,3
9,39,0,1,5,2,0,0,0,0,1,0,1,0,1,0,0,5,3
9,36,0,1,5,3,10,0,0,0,0,0,0,0,2,0,0,6,4
4,9,0,1,1,0,0,0,0,0,0,0,0,0,0,1,0,0,1
5,56,0,1,1,4,8,6,0,0,0,0,0,2,0,0,0,4,3
9,37,0,1,2,2,4,4,0,0,0,0,2,0,1,1,0,5,3
5,7,0,1,1,0,0,0,0,0,0,0,0,0,0,1,0,0,1
9,8,0,1,2,0,0,0,0,0,0,0,0,0,0,1,0,0,1
5,24,0,1,1,0,8,4,0,0,0,0,1,0,0,1,0,3,4
4,43,0,1,1,0,10,7,0,0,0,2,0,0,0,1,0,2,3
6,16,0,1,1,0,3,0,0,0,0,0,0,0,0,0,0,0,1
5,11,0,1,1,0,3,0,0,0,0,0,0,0,0,0,0,0,1
5,89,0,1,1,0,18,13,0,0,0,2,0,0,0,1,0,2,3
5,22,0,1,1,0,1,0,2,0,0,2,0,0,0,1,0,2,3
9,28,0,1,7,8,0,0,0,0,0,0,0,5,0,0,0,4,3
5,37,0,1,4,2,0,0,0,0,1,0,1,0,1,1,0,5,3
4,22,0,1,3,0,0,0,0,0,0,0,0,1,0,1,0,3,4
9,23,0,1,2,0,1,0,2,0,0,2,1,0,0,0,0,2,3
5,19,0,1,1,0,3,1,0,0,0,0,0,0,0,0,0,0,1
5,27,0,1,4,2,0,0,0,0,0,0,1,0,1,0,0,5,3
7,36,0,1,1,3,10,4,0,0,0,0,0,0,2,1,0,6,4
9,32,0,1,2,0,6,3,0,0,0,2,0,0,0,0,0,2,3
7,34,0,1,1,0,1,0,4,0,1,2,0,0,0,1,0,2,3
5,10,0,1,1,0,3,0,0,0,1,0,1,0,0,1,0,1,3
9,51,0,1,2,0,13,8,0,0,1,2,0,0,0,0,0,2,3
7,20,0,1,1,0,2,1,0,0,1,0,0,0,0,0,0,0,1
5,17,0,1,1,0,3,1,0,0,0,0,1,0,0,1,0,0,1
4,42,0,1,4,2,0,0,0,0,1,0,0,0,1,0,0,5,3
5,22,0,1,4,4,0,0,0,0,0,0,0,3,0,1,0,4,3
4,18,0,3,1,0,0,0,0,0,0,0,0,0,0,0,0,3,4
5,59,0,1,2,0,1,0,8,0,0,2,1,0,0,0,0,2,3
9,40,0,1,2,0,10,6,0,0,0,2,0,0,0,0,0,2,3
7,17,0,1,1,0,6,3,0,0,0,0,0,0,0,0,0,3,4
4,47,0,1,7,4,2,0,0,0,0,0,0,2,0,0,0,4,3
9,15,0,1,2,0,2,0,0,0,0,0,0,0,0,0,0,0,1
4,29,0,1,4,2,0,0,0,0,0,0,1,0,1,1,0,5,3
5,19,0,1,1,0,6,3,0,0,0,0,1,0,0,1,0,3,4
5,13,0,1,1,0,0,0,0,0,1,0,0,0,0,0,0,0,1
5,16,0,3,1,0,0,0,0,0,0,0,2,0,0,0,0,3,4
6,32,0,1,4,2,0,0,0,0,0,0,1,0,1,1,0,5,3
6,35,0,1,1,4,9,3,0,1,0,0,0,0,0,0,0,4,3
5,12,0,1,1,0,0,0,0,0,0,0,1,0,0,0,0,0,1
6,25,0,1,1,0,4,0,2,0,1,0,0,0,0,0,0,1,3
4,29,0,1,1,0,16,7,0,0,1,0,0,0,0,0,0,1,3
6,36,0,1,1,0,9,6,0,0,0,2,0,0,0,1,0,2,3
4,15,0,1,1,0,2,1,0,0,0,0,0,0,0,1,0,1,3
5,29,0,1,1,0,6,3,0,0,0,2,1,0,0,0,0,2,3
7,23,0,1,3,0,0,0,0,0,0,0,0,1,0,0,0,3,4
7,26,0,1,1,4,3,3,0,0,0,0,0,3,0,0,0,4,3
5,16,0,1,1,0,0,0,1,0,0,0,0,0,0,0,0,3,4
4,47,0,1,1,3,15,5,0,0,0,0,0,0,2,1,0,6,4
9,32,0,1,2,4,9,3,0,1,0,0,0,0,0,0,0,4,3
5,36,0,1,1,0,10,6,0,0,0,2,0,0,0,1,0,2,3
9,35,0,1,5,2,0,0,0,0,0,0,1,0,1,0,0,5,3
7,47,0,1,6,3,12,0,0,0,0,0,0,0,3,1,0,6,4
5,32,0,1,1,4,9,3,0,1,0,0,2,0,0,1,0,4,3
5,42,0,1,1,0,16,7,0,0,1,0,0,0,0,0,0,1,3
5,34,0,1,1,4,9,3,0,1,0,0,1,0,0,1,0,4,3
4,25,0,1,1,0,8,4,0,0,0,0,0,0,0,0,0,3,4
6,28,0,1,1,0,6,3,0,0,0,2,0,0,0,1,0,2,3
9,19,0,1,2,0,4,2,0,0,0,0,0,0,0,0,0,3,4
5,16,0,1,1,0,2,0,0,0,1,0,0,0,0,1,0,0,1
5,8,0,1,1,0,0,0,0,0,0,0,0,0,0,0,0,0,1
5,10,0,1,1,0,0,0,0,0,0,0,1,0,0,1,0,3,4
5,15,0,1,1,0,0,0,0,0,1,0,1,0,0,0,0,0,1
5,18,0,1,1,0,8,3,0,0,1,0,1,0,0,1,0,1,3
5,37,0,1,1,2,4,4,0,0,0,0,2,0,1,0,0,5,3
6,46,0,1,1,3,15,5,0,0,0,0,0,0,2,0,0,6,4
5,17,0,1,1,0,2,1,0,0,1,0,0,0,0,0,0,0,1
7,17,0,1,1,0,3,1,0,0,0,0,0,0,0,0,0,0,1
5,13,0,1,3,0,0,0,0,0,0,0,1,1,0,1,0,4,3
7,18,0,1,1,0,2,1,0,0,1,0,0,0,0,1,0,0,1
4,33,0,1,4,3,10,0,0,0,0,0,0,0,2,1,0,6,4
9,37,0,1,5,3,10,0,0,0,0,0,0,0,2,0,0,6,4
5,40,0,1,4,2,0,0,0,0,1,0,0,0,1,1,0,5,3
6,24,0,1,1,0,1,0,2,0,0,2,0,0,0,1,0,2,3
5,16,0,1,1,0,0,0,0,0,1,0,0,0,0,0,0,0,1
9,43,0,1,2,2,4,4,0,0,0,0,0,0,1,0,0,5,3
5,31,0,1,1,4,9,3,0,1,0,0,0,0,0,1,0,4,3
9,24,0,1,2,0,8,4,0,0,0,0,1,0,0,1,0,3,4
5,43,0,1,6,3,12,0,0,0,0,0,0,0,3,1,0,6,4
9,11,0,1,2,0,0,0,0,0,0,0,0,0,0,1,0,0,1
5,35,0,1,4,3,10,0,0,0,0,0,0,0,2,0,0,6,4
6,46,0,1,1,0,1,0,0,0,3,0,0,0,0,1,0,1,3
5,43,0,1,1,3,21,7,0,0,0,0,0,0,1,1,0,3,4
7,27,0,1,1,0,8,4,0,0,0,0,0,0,0,1,0,3,4
5,46,0,1,1,2,4,4,0,0,0,0,1,0,1,1,0,5,3
5,28,0,1,4,2,0,0,0,0,0,0,1,0,1,0,0,5,3
4,37,0,1,1,0,9,6,0,0,0,2,0,0,0,0,0,2,3
5,18,0,1,1,0,3,1,0,0,1,0,0,0,0,1,0,0,1
5,17,0,1,1,0,1,1,0,0,0,0,1,0,0,1,0,3,4
9,25,0,1,2,4,3,3,0,0,0,0,0,3,0,0,0,4,3
5,16,0,1,1,0,3,1,0,0,1,0,0,0,0,1,0,0,1
9,42,0,1,2,2,4,4,0,0,0,0,0,0,1,1,0,5,3
9,36,0,1,2,8,5,5,0,0,0,0,1,5,0,0,0,4,3
5,8,0,1,1,0,0,0,0,0,0,0,0,0,0,0,0,0,1
6,24,0,1,1,4,3,3,0,0,0,0,0,3,0,1,0,4,3
7,14,0,1,1,0,4,2,0,0,0,0,0,0,0,0,0,3,4
9,30,0,1,2,0,4,0,2,0,1,0,0,0,0,1,0,1,3
9,85,0,1,2,0,18,13,0,0,0,2,0,0,0,1,0,2,3
5,26,0,1,1,4,3,3,0,0,0,0,0,3,0,0,0,4,3
4,36,0,1,1,0,9,6,0,0,0,0,1,1,0,0,0,3,4
9,36,0,1,2,8,5,5,0,0,0,0,1,5,0,0,0,4,3
7,25,0,1,3,0,0,0,0,0,0,0,0,1,0,1,0,3,4
5,50,0,1,1,0,13,8,0,0,1,2,0,0,0,1,0,2,3
7,30,0,1,1,0,6,3,0,0,0,2,0,0,0,1,0,2,3
6,15,0,1,1,0,1,1,0,0,0,0,0,0,0,1,0,3,4
9,18,0,1,2,0,8,3,0,0,1,0,0,0,0,0,0,1,3
7,47,0,1,1,0,1,0,0,0,3,0,0,0,0,1,0,1,3
5,44,0,1,1,2,4,4,0,0,0,0,0,0,1,0,0,5,3
4,11,0,1,1,0,0,0,0,0,0,0,0,0,0,1,0,0,1
9,47,0,1,2,2,4,4,0,0,1,0,1,0,1,0,0,5,3
5,33,0,1,1,0,8,4,0,0,0,0,0,0,2,0,0,6,4
9,29,0,1,3,0,1,0,6,0,0,2,0,0,0,1,0,2,3
5,16,0,1,1,0,2,0,0,0,1,0,0,0,0,1,0,0,1
9,15,0,1,2,0,2,0,0,0,1,0,0,0,0,1,0,0,1
4,26,0,1,6,8,0,0,0,0,0,0,0,5,0,0,0,4,3
7,18,0,1,1,0,4,2,0,0,0,0,0,0,0,0,0,3,4
7,21,0,1,1,0,8,3,0,0,1,0,0,0,0,1,0,1,3
4,46,0,1,1,2,4,4,0,0,0,0,0,0,1,1,0,5,3
7,22,0,1,1,0,8,4,0,0,0,0,0,0,0,1,0,3,4
5,18,0,1,1,0,4,2,0,0,0,0,1,0,0,0,0,3,4
5,13,0,1,1,0,3,0,0,0,0,0,1,0,0,1,0,0,1
9,34,0,1,2,0,8,4,0,0,0,0,0,0,2,0,0,6,4
5,33,0,1,1,0,16,7,0,0,1,0,1,0,0,1,0,1,3
7,34,0,1,1,8,5,5,0,0,0,0,0,5,0,1,0,4,3
9,17,0,1,2,0,1,1,0,0,0,0,0,0,0,1,0,3,4
5,14,0,1,1,0,0,0,1,0,0,0,0,0,0,1,0,3,4
5,23,0,1,1,0,1,0,2,0,0,2,0,0,0,1,0,2,3
6,11,0,1,1,0,0,0,2,0,0,0,0,0,0,0,0,3,4
6,33,0,1,1,0,8,4,0,0,0,0,0,0,2,1,0,6,4
5,9,0,1,1,0,0,0,0,0,0,0,1,0,0,1,0,0,1
6,43,0,1,1,2,4,4,0,0,0,0,1,0,1,1,0,5,3
4,21,0,1,1,0,6,3,0,0,0,0,0,0,0,0,0,3,4
5,16,0,1,1,0,2,0,0,0,1,0,0,0,0,0,0,0,1
5,8,0,1,1,0,0,0,0,0,0,0,0,0,0,1,0,0,1
5,17,0,3,1,0,0,0,0,0,0,0,0,0,0,1,0,3,4
5,85,0,1,1,0,18,13,0,0,0,2,0,0,0,1,0,2,3
5,49,0,1,1,0,1,0,0,0,3,0,0,0,0,1,0,1,3
7,14,0,1,1,0,3,1,0,0,0,0,0,0,0,0,0,0,1
6,8,0,1,1,0,0,0,0,0,0,0,0,0,0,0,0,0,1
5,16,0,1,1,0,3,0,4,0,1,0,2,0,0,1,0,1,3
5,50,0,1,1,0,6,0,6,0,1,0,0,0,0,0,0,1,3
9,35,0,1,5,2,0,0,0,0,0,0,1,0,1,1,0,5,3
5,12,0,1,1,0,3,0,0,0,0,0,0,0,0,0,0,0,1
9,26,0,1,4,0,0,0,0,0,0,0,0,1,0,0,0,3,4
5,20,0,1,1,0,8,3,0,0,1,0,0,0,0,1,0,1,3
4,9,0,1,1,0,0,0,0,0,0,0,0,0,0,0,0,0,1
7,44,0,1,1,0,10,7,0,0,0,2,0,0,0,0,0,2,3
5,7,0,1,1,0,0,0,0,0,0,0,1,0,0,1,0,0,1
5,30,0,1,2,0,1,0,6,0,0,2,1,0,0,0,0,2,3
5,72,0,1,1,0,25,11,0,0,1,0,1,0,0,0,0,1,3
7,63,0,1,2,0,1,0,8,0,0,2,0,0,0,0,0,2,3
6,15,0,1,1,0,2,0,0,0,1,0,0,0,0,1,0,0,1
5,18,0,1,1,0,2,1,0,0,1,0,1,0,0,1,0,0,1
4,29,0,1,4,2,0,0,0,0,0,0,1,0,1,1,0,5,3
5,18,0,1,1,0,8,3,0,0,1,0,1,0,0,0,0,1,3
9,32,0,1,2,0,1,0,4,0,1,2,0,0,0,1,0,2,3
6,34,0,1,1,0,1,0,4,0,0,2,0,0,0,0,0,2,3
5,42,0,1,1,3,15,5,0,0,0,0,0,0,2,0,0,6,4
6,15,0,1,1,0,0,0,1,0,0,0,0,0,0,1,0,1,3
5,16,0,1,1,0,2,0,0,0,1,0,0,0,0,0,0,0,1
4,10,0,1,1,0,0,0,0,0,0,0,0,0,0,1,0,0,1
5,37,0,1,1,0,1,0,4,0,0,2,0,0,0,1,0,2,3
5,20,0,1,1,0,2,2,0,0,0,0,0,1,0,1,0,4,3
5,29,0,1,1,0,10,4,0,0,2,0,0,0,0,0,0,1,3
9,13,0,1,2,0,2,0,0,0,0,0,0,0,0,0,0,0,1
9,12,0,1,2,0,0,0,0,0,0,0,0,0,0,1,0,0,1
5,36,0,1,1,8,5,5,0,0,0,0,2,5,0,0,0,4,3
5,29,0,1,4,3,6,0,0,0,0,0,1,0,2,1,0,6,4
5,43,0,1,1,3,21,7,0,0,0,0,1,0,1,0,0,3,4
5,39,0,1,1,2,4,4,0,0,0,0,1,0,1,1,0,5,3
9,14,0,1,2,0,2,0,0,0,0,0,1,0,0,1,0,0,1
5,13,0,1,1,0,3,0,0,0,0,0,0,0,0,1,0,0,1
5,32,0,1,4,2,0,0,0,0,0,0,2,0,1,1,0,5,3
6,58,0,1,1,0,12,6,0,0,3,0,0,0,0,0,0,1,3
5,13,0,1,1,0,0,0,2,0,0,0,1,0,0,0,0,3,4
4,10,0,1,1,0,0,0,0,0,0,0,1,0,0,0,0,0,1
6,15,0,1,1,0,2,1,0,0,1,0,0,0,0,0,0,0,1
5,19,0,1,1,0,3,1,0,0,1,0,0,0,0,0,0,0,1
5,10,0,1,1,0,0,0,0,0,0,0,0,0,0,1,0,0,1
5,36,0,1,1,0,9,6,0,0,0,0,2,1,0,0,0,3,4
5,13,0,1,1,0,4,1,0,0,0,0,1,0,0,0,0,0,1
6,19,0,3,1,0,0,0,0,0,0,0,0,0,0,1,0,3,4
6,34,0,1,4,3,10,0,0,0,0,0,1,0,2,0,0,6,4
7,14,0,1,1,0,3,1,0,0,0,0,0,0,0,1,0,0,1
9,18,0,1,2,0,0,0,0,0,1,0,0,0,0,0,0,0,1
7,36,0,1,1,0,1,0,4,0,0,2,0,0,0,1,0,2,3
9,18,0,1,2,0,2,0,2,0,2,0,1,0,0,0,0,1,3
5,20,0,1,1,0,2,0,2,0,2,0,0,0,0,0,0,1,3
4,18,0,1,3,0,0,0,0,0,0,0,0,1,0,0,0,4,3
7,37,0,1,1,0,8,4,0,0,2,0,0,0,0,0,0,1,3
6,49,0,1,1,0,13,8,0,0,1,2,0,0,0,0,0,2,3
5,29,0,3,1,3,7,0,0,0,0,0,1,0,1,0,0,3,4
4,21,0,1,1,0,6,3,0,0,0,0,0,0,0,1,0,3,4
7,34,0,1,1,3,10,4,0,0,0,0,1,0,2,1,0,6,4
5,84,0,1,1,0,18,13,0,0,0,2,0,0,0,1,0,2,3
5,25,0,1,1,4,3,3,0,0,0,0,1,3,0,1,0,4,3
5,24,0,1,1,0,1,0,4,0,0,2,1,0,0,1,0,2,3
5,26,0,1,3,0,0,0,0,0,0,0,0,1,0,1,0,3,4
5,49,0,1,1,2,4,4,0,0,1,0,0,0,1,1,0,5,3
7,12,0,1,1,0,0,0,0,0,0,0,0,0,0,0,0,0,1
9,32,0,1,2,0,1,0,4,0,1,2,1,0,0,0,0,2,3
5,16,0,1,1,0,1,1,0,0,0,0,0,0,0,0,0,3,4
5,50,0,1,1,0,11,7,0,0,0,2,1,0,0,1,0,2,3
4,14,0,1,1,0,2,0,0,0,1,0,0,0,0,1,0,0,1
5,12,0,1,1,0,0,0,1,0,0,0,0,0,0,1,0,3,4
5,36,0,1,4,3,10,0,0,0,0,0,0,0,2,1,0,6,4
6,24,0,1,1,0,8,4,0,0,0,0,1,0,0,0,0,3,4
5,12,0,1,1,0,2,0,0,0,0,0,1,0,0,1,0,0,1
7,10,0,1,1,0,0,0,1,0,0,0,0,0,0,1,0,1,3
9,40,0,1,2,2,4,4,0,0,0,0,1,0,1,1,0,5,3
5,27,0,1,4,3,6,0,0,0,0,0,1,0,2,0,0,6,4
6,18,0,1,1,0,3,1,0,0,1,0,0,0,0,0,0,0,1
4,12,0,1,1,0,0,0,0,0,0,0,0,0,0,0,0,3,4
7,44,0,1,1,3,15,5,0,0,0,0,0,0,2,0,0,6,4
4,36,0,1,1,0,9,6,0,0,0,0,0,1,0,0,0,3,4
7,30,0,1,1,0,1,0,4,0,1,2,0,0,0,1,0,2,3
4,15,0,1,1,0,3,0,0,0,0,0,0,0,0,1,0,0,1
7,30,0,1,1,0,16,7,0,0,1,0,0,0,0,0,0,1,3
5,13,0,1,1,0,3,0,0,0,1,0,0,0,0,0,0,1,3
7,32,0,1,1,4,9,3,0,1,0,0,0,0,0,1,0,4,3
4,11,0,1,1,0,0,0,2,0,0,0,0,0,0,1,0,3,4
5,12,0,1,1,0,3,0,0,0,0,0,1,0,0,0,0,0,1
6,15,0,1,1,0,1,1,0,0,0,0,1,0,0,0,0,3,4
5,24,0,1,3,0,4,0,0,0,0,0,0,0,2,1,0,6,4
5,61,0,1,2,0,1,0,8,0,0,2,0,0,0,0,0,2,3
7,47,0,1,1,2,4,4,0,0,1,0,1,0,1,1,0,5,3
5,10,0,1,1,0,0,0,0,0,0,0,1,0,0,0,0,0,1
4,50,0,1,1,0,1,0,0,0,3,0,0,0,0,0,0,1,3
7,19,0,1,1,0,3,0,4,0,1,0,0,0,0,1,0,1,3
5,13,0,1,1,0,0,0,1,0,0,0,0,0,0,1,0,3,4
7,32,0,1,1,0,8,4,0,0,0,0,0,0,2,0,0,6,4
5,15,0,1,1,0,0,0,1,0,0,0,0,0,0,1,0,1,3
5,20,0,1,1,0,2,1,0,0,1,0,0,0,0,0,0,0,1
5,45,0,1,1,2,4,4,0,0,1,0,0,0,1,1,0,5,3
5,10,0,1,1,0,3,0,0,0,1,0,0,0,0,0,0,1,3
6,15,0,1,1,0,2,0,0,0,0,0,0,0,0,1,0,0,1
9,72,0,1,2,0,25,11,0,0,1,0,0,0,0,1,0,1,3
5,20,0,1,4,4,0,0,0,0,0,0,0,3,0,0,0,4,3
9,40,0,1,5,2,0,0,0,0,1,0,0,0,1,1,0,5,3
5,61,0,1,1,0,12,6,0,0,3,0,0,0,0,0,0,1,3
5,21,0,1,4,4,0,0,0,0,0,0,0,3,0,1,0,4,3
9,84,0,1,2,0,18,13,0,0,0,2,0,0,0,1,0,2,3
5,15,0,1,1,0,3,1,0,0,0,0,0,0,0,0,0,0,1
5,19,0,1,1,0,2,2,0,0,0,0,1,1,0,1,0,4,3
7,14,0,1,1,0,2,0,0,0,0,0,1,0,0,0,0,0,1
7,29,0,1,6,8,0,0,0,0,0,0,0,5,0,1,0,4,3
6,15,0,1,1,0,2,0,0,0,1,0,1,0,0,0,0,0,1
5,28,0,1,6,8,0,0,0,0,0,0,0,5,0,0,0,4,3
6,39,0,1,1,0,8,4,0,0,2,0,0,0,0,1,0,1,3
4,45,0,1,1,0,10,7,0,0,0,2,0,0,0,0,0,2,3
5,38,0,1,1,0,9,6,0,0,0,0,0,1,0,0,0,3,4
4,17,0,1,1,0,2,2,0,0,0,0,0,1,0,0,0,4,3
7,16,0,1,1,0,3,1,0,0,0,0,1,0,0,0,0,0,1
7,48,0,1,1,0,6,0,6,0,1,0,0,0,0,0,0,1,3
5,84,0,1,1,0,18,13,0,0,0,2,1,0,0,1,0,2,3
4,42,0,1,1,0,10,7,0,0,0,2,0,0,0,0,0,2,3
4,15,0,1,1,0,1,1,0,0,0,0,1,0,0,0,0,3,4
5,19,0,3,1,0,0,0,0,0,0,0,0,0,0,0,0,3,4
5,41,0,1,1,2,4,4,0,0,0,0,0,0,1,1,0,5,3
6,15,0,1,1,0,2,1,0,0,1,0,0,0,0,0,0,0,1
5,19,0,1,1,0,6,3,0,0,0,0,1,0,0,1,0,3,4
5,34,0,1,4,2,0,0,0,0,0,0,0,0,1,1,0,5,3
5,20,0,1,1,0,3,1,0,0,1,0,0,0,0,1,0,0,1
4,47,0,1,7,4,2,0,0,0,0,0,0,2,0,1,0,4,3
9,16,0,1,2,0,2,0,0,0,1,0,0,0,0,1,0,0,1
5,12,0,1,1,0,0,0,0,0,0,0,1,0,0,0,0,0,1
5,30,0,1,1,0,1,0,4,0,1,2,0,0,0,0,0,2,3
4,35,0,1,1,2,4,4,0,0,0,0,1,0,1,1,0,5,3
5,14,0,1,1,0,2,1,0,0,0,0,1,0,0,1,0,1,3
4,43,0,1,1,3,15,5,0,0,0,0,0,0,2,0,0,6,4
6,18,0,1,1,0,3,1,0,0,0,0,0,0,0,0,0,0,1
9,19,0,3,2,0,0,0,0,0,0,0,0,0,0,1,0,3,4
5,35,0,1,1,2,4,4,0,0,0,0,1,0,1,0,0,5,3
7,21,0,1,1,0,6,3,0,0,0,0,0,0,0,0,0,3,4
5,42,0,1,1,3,21,7,0,0,0,0,0,0,1,0,0,3,4
5,12,0,1,1,0,0,0,1,0,0,0,1,0,0,0,0,1,3
7,33,0,1,1,4,9,3,0,1,0,0,0,0,0,1,0,4,3
7,46,0,1,1,2,4,4,0,0,1,0,0,0,1,1,0,5,3
5,17,0,1,1,0,6,3,0,0,0,0,0,0,0,1,0,3,4
7,46,0,1,1,0,13,8,0,0,1,2,0,0,0,0,0,2,3
7,23,0,1,1,0,1,0,2,0,0,2,1,0,0,0,0,2,3
9,36,0,1,5,2,0,0,0,0,0,0,0,0,1,0,0,5,3
7,34,0,1,1,8,5,5,0,0,0,0,0,5,0,0,0,4,3
6,46,0,1,1,3,21,7,0,0,0,0,0,0,1,1,0,3,4
4,88,0,1,1,0,18,13,0,0,0,2,0,0,0,1,0,2,3
4,37,0,1,4,2,0,0,0,0,1,0,0,0,1,1,0,5,3
5,15,0,1,1,0,2,1,0,0,0,0,0,0,0,0,0,1,3
5,49,0,1,1,2,4,4,0,0,1,0,0,0,1,0,0,5,3
9,10,0,1,2,0,0,0,0,0,0,0,0,0,0,1,0,0,1
5,27,0,1,1,0,1,0,4,0,0,2,1,0,0,0,0,2,3
4,28,0,1,6,8,0,0,0,0,0,0,0,5,0,1,0,4,3
6,25,0,1,1,0,1,0,2,0,0,2,0,0,0,0,0,2,3
5,13,0,1,1,0,0,0,1,0,0,0,1,0,0,1,0,3,4
5,24,0,1,3,0,4,0,0,0,0,0,0,0,2,0,0,6,4
5,8,0,1,1,0,0,0,0,0,0,0,0,0,0,0,0,0,1
7,37,0,1,4,2,0,0,0,0,0,0,0,0,1,0,0,5,3
9,15,0,1,2,0,4,2,0,0,0,0,0,0,0,1,0,3,4
5,17,0,1,1,0,6,3,0,0,0,0,1,0,0,0,0,3,4
6,17,0,1,1,0,2,0,0,0,0,0,0,0,0,0,0,0,1
4,23,0,1,3,0,4,0,0,0,0,0,0,0,2,0,0,6,4
9,24,0,1,2,0,8,4,0,0,0,0,1,0,0,1,0,3,4
5,17,0,1,1,0,2,0,2,0,2,0,1,0,0,0,0,1,3
4,7,0,1,1,0,0,0,0,0,0,0,0,0,0,1,0,0,1
7,63,0,1,2,0,1,0,8,0,0,2,0,0,0,0,0,2,3
6,45,0,1,1,2,4,4,0,0,1,0,0,0,1,1,0,5,3
5,26,0,1,1,0,8,4,0,0,0,0,0,0,0,0,0,3,4
6,46,0,1,7,4,2,0,0,0,0,0,0,2,0,0,0,4,3
5,44,0,1,6,3,12,0,0,0,0,0,1,0,3,1,0,6,4
5,15,0,1,1,0,0,0,0,0,0,0,0,0,0,0,0,3,4
9,17,0,1,2,0,4,1,0,0,0,0,0,0,0,0,0,0,1
9,27,0,1,7,8,0,0,0,0,0,0,0,5,0,1,0,4,3
9,18,0,1,2,0,2,1,0,0,1,0,0,0,0,0,0,0,1
5,12,0,1,1,0,0,0,1,0,0,0,0,0,0,1,0,3,4
4,35,0,1,4,2,0,0,0,0,0,0,0,0,1,1,0,5,3
6,35,0,1,1,0,9,6,0,0,0,2,0,0,0,1,0,2,3
5,19,0,1,1,0,8,3,0,0,1,0,1,0,0,0,0,1,3
5,27,0,1,4,2,0,0,0,0,0,0,1,0,1,1,0,5,3
9,59,0,1,3,0,1,0,8,0,0,2,0,0,0,1,0,2,3
4,25,0,1,1,4,3,3,0,0,0,0,0,3,0,1,0,4,3
9,15,0,1,2,0,0,0,0,0,1,0,0,0,0,0,0,0,1
6,37,0,1,4,3,10,0,0,0,0,0,0,0,2,0,0,6,4
5,35,0,1,1,4,9,3,0,1,0,0,0,0,0,1,0,4,3
5,16,0,1,1,0,3,1,0,0,1,0,0,0,0,1,0,0,1
5,15,0,3,1,0,0,0,0,0,0,0,0,0,0,1,0,3,4
5,45,0,1,1,2,4,4,0,0,0,0,0,0,1,1,0,5,3
6,56,0,1,1,3,18,6,0,0,0,0,0,0,3,1,0,6,4
5,21,0,1,1,0,8,3,0,0,1,0,1,0,0,0,0,1,3
9,29,0,1,3,0,1,0,6,0,0,2,1,0,0,0,0,2,3
6,23,0,1,4,4,0,0,0,0,0,0,0,3,0,1,0,4,3
5,49,0,1,1,0,1,0,0,0,3,0,1,0,0,1,0,1,3
5,60,0,1,2,0,1,0,8,0,0,2,2,0,0,0,0,2,3
5,36,0,1,1,3,10,4,0,0,0,0,0,0,2,1,0,6,4
4,19,0,1,1,0,2,2,0,0,0,0,0,1,0,0,0,4,3
5,22,0,1,1,0,1,0,2,0,0,2,1,0,0,1,0,2,3
5,58,0,1,1,3,18,6,0,0,0,0,1,0,3,0,0,6,4
5,25,0,1,1,0,1,0,4,0,0,2,1,0,0,1,0,2,3
4,14,0,1,1,0,2,0,0,0,0,0,0,0,0,1,0,0,1
5,25,0,1,1,0,1,0,2,0,0,2,1,0,0,1,0,2,3
5,36,0,1,1,0,8,4,0,0,2,0,1,0,0,0,0,1,3
5,46,0,1,1,0,1,0,0,0,3,0,0,0,0,1,0,1,3
5,16,0,1,1,0,0,0,2,0,0,0,0,0,0,1,0,3,4
9,20,0,1,2,0,2,1,0,0,1,0,0,0,0,1,0,0,1
5,27,0,3,1,3,7,0,0,0,0,0,1,0,1,0,0,3,4
4,50,0,1,1,0,6,0,6,0,1,0,1,0,0,0,0,1,3
5,33,0,1,4,2,0,0,0,0,0,0,0,0,1,0,0,5,3
5,27,0,1,6,8,0,0,0,0,0,0,0,5,0,1,0,4,3
5,14,0,1,1,0,0,0,1,0,0,0,1,0,0,0,0,3,4
4,10,0,1,1,0,0,0,0,0,0,0,0,0,0,1,0,0,1
5,19,0,1,1,0,2,2,0,0,0,0,0,1,0,0,0,4,3
5,56,0,1,1,4,8,6,0,0,0,0,1,2,0,0,0,4,3
7,50,0,1,1,0,13,8,0,0,1,2,0,0,0,1,0,2,3
5,54,0,1,1,4,8,6,0,0,0,0,0,2,0,1,0,4,3
4,36,0,1,1,0,8,4,0,0,2,0,0,0,0,0,0,1,3
5,26,0,1,4,3,6,0,0,0,0,0,1,0,2,1,0,6,4
5,30,0,1,1,0,1,0,4,0,1,2,1,0,0,1,0,2,3
5,18,0,3,1,0,0,0,0,0,0,0,0,0,0,1,0,3,4
5,29,0,1,2,0,1,0,6,0,0,2,1,0,0,0,0,2,3
9,85,0,1,2,0,18,13,0,0,0,2,0,0,0,1,0,2,3
4,36,0,1,1,0,8,4,0,0,2,0,0,0,0,1,0,1,3
5,16,0,1,1,0,3,1,0,0,0,0,1,0,0,0,0,0,1
4,16,0,1,1,0,4,2,0,0,0,0,0,0,0,0,0,3,4
6,31,0,1,1,0,1,0,0,0,2,0,0,0,0,0,0,1,3
5,13,0,1,1,0,0,0,0,0,0,0,0,0,0,0,0,0,1
9,14,0,1,2,0,3,0,0,0,1,0,0,0,0,1,0,1,3
4,16,0,1,1,0,4,1,0,0,0,0,0,0,0,0,0,0,1
4,58,0,1,1,0,12,6,0,0,3,0,0,0,0,1,0,1,3
7,42,0,1,1,3,21,7,0,0,0,0,0,0,1,0,0,3,4
6,27,0,1,3,0,4,0,0,0,0,0,0,0,2,0,0,6,4
5,32,0,3,1,3,7,0,0,0,0,0,0,0,1,0,0,3,4
4,16,0,1,1,0,0,0,2,0,0,0,0,0,0,1,0,3,4
5,11,0,1,1,0,0,0,0,0,0,0,1,0,0,1,0,0,1
6,8,0,1,1,0,0,0,0,0,0,0,0,0,0,1,0,0,1
5,34,0,1,1,3,10,4,0,0,0,0,1,0,2,0,0,6,4
7,11,0,1,1,0,0,0,0,0,0,0,0,0,0,0,0,0,1
9,8,0,1,2,0,0,0,0,0,0,0,0,0,0,0,0,0,1
6,10,0,1,1,0,0,0,0,0,0,0,0,0,0,1,0,3,4
5,45,0,1,6,3,12,0,0,0,0,0,1,0,3,0,0,6,4
9,28,0,1,3,0,1,0,4,0,0,2,0,0,0,0,0,2,3
6,23,0,1,3,0,4,0,0,0,0,0,0,0,2,0,0,6,4
5,44,0,1,1,2,4,4,0,0,0,0,0,0,1,1,0,5,3
5,33,0,1,4,2,0,0,0,0,0,0,1,0,1,1,0,5,3
5,43,0,1,1,2,4,4,0,0,0,0,0,0,1,0,0,5,3
9,28,0,1,2,0,4,0,2,0,1,0,0,0,0,1,0,1,3
5,14,0,1,1,0,4,1,0,0,0,0,1,0,0,1,0,0,1
6,15,0,1,1,0,4,1,0,0,0,0,0,0,0,1,0,0,1
5,8,0,1,1,0,0,0,0,0,0,0,0,0,0,0,0,0,1
7,36,0,1,1,2,4,4,0,0,0,0,1,0,1,0,0,5,3
6,33,0,1,1,0,16,7,0,0,1,0,0,0,0,0,0,1,3
6,24,0,1,1,0,8,4,0,0,0,0,0,0,0,0,0,3,4
9,32,0,1,2,0,6,3,0,0,0,2,0,0,0,0,0,2,3
9,16,0,1,2,0,4,2,0,0,0,0,0,0,0,1,0,3,4
5,33,0,1,4,2,0,0,0,0,0,0,0,0,1,0,0,5,3
5,27,0,1,3,0,0,0,0,0,0,0,0,1,0,1,0,3,4
9,49,0,1,2,0,13,8,0,0,1,2,0,0,0,1,0,2,3
5,44,0,1,1,3,15,5,0,0,0,0,2,0,2,0,0,6,4
4,13,0,1,1,0,3,0,0,0,1,0,0,0,0,0,0,1,3
5,26,0,1,1,0,8,4,0,0,0,0,1,0,0,1,0,3,4
9,29,0,1,3,0,1,0,6,0,0,2,0,0,0,0,0,2,3
6,13,0,1,1,0,0,0,0,0,0,0,0,0,0,0,0,3,4
5,37,0,1,1,8,5,5,0,0,0,0,0,5,0,1,0,4,3
5,25,0,1,1,0,10,4,0,0,2,0,1,0,0,0,0,1,3
7,12,0,1,1,0,0,0,0,0,0,0,0,0,0,1,0,0,1
5,17,0,1,1,0,2,0,0,0,1,0,0,0,0,1,0,0,1
5,15,0,1,1,0,2,0,0,0,1,0,1,0,0,1,0,0,1
6,31,0,1,1,0,6,3,0,0,0,2,0,0,0,0,0,2,3
9,12,0,1,2,0,0,0,0,0,0,0,0,0,0,1,0,0,1
9,38,0,1,5,2,0,0,0,0,1,0,0,0,1,1,0,5,3
4,71,0,1,1,0,25,11,0,0,1,0,0,0,0,1,0,1,3
6,37,0,1,1,2,4,4,0,0,0,0,2,0,1,0,0,5,3
5,42,0,1,1,0,10,7,0,0,0,2,0,0,0,0,0,2,3
5,29,0,1,4,2,0,0,0,0,0,0,2,0,1,0,0,5,3
9,17,0,1,2,0,4,1,0,0,0,0,0,0,0,0,0,0,1
4,56,0,1,1,3,18,6,0,0,0,0,0,0,3,1,0,6,4
5,11,0,1,1,0,3,0,0,0,0,0,0,0,0,0,0,0,1
9,27,0,1,5,2,0,0,0,0,0,0,1,0,1,1,0,5,3
6,18,0,1,1,0,3,1,0,0,0,0,0,0,0,1,0,0,1
6,28,0,1,6,8,0,0,0,0,0,0,0,5,0,1,0,4,3
9,16,0,1,2,0,4,2,0,0,0,0,1,0,0,0,0,3,4
5,8,0,1,1,0,0,0,0,0,0,0,0,0,0,0,0,0,1
5,13,0,1,1,0,0,0,1,0,0,0,0,0,0,0,0,3,4
4,40,0,1,1,0,10,6,0,0,0,2,0,0,0,0,0,2,3
4,13,0,1,1,0,0,0,0,0,0,0,0,0,0,1,0,3,4
9,12,0,1,2,0,0,0,0,0,0,0,0,0,0,0,0,0,1
6,58,0,1,2,0,1,0,8,0,0,2,0,0,0,1,0,2,3
6,35,0,1,1,0,1,0,4,0,0,2,0,0,0,0,0,2,3
5,54,0,1,1,3,18,6,0,0,0,0,0,0,3,0,0,6,4
9,38,0,1,2,0,9,6,0,0,0,0,0,1,0,1,0,3,4
5,17,0,1,3,0,0,0,0,0,0,0,0,1,0,0,0,4,3
5,45,0,1,1,2,4,4,0,0,0,0,0,0,1,0,0,5,3
5,26,0,1,1,0,1,0,4,0,0,2,2,0,0,0,0,2,3
5,18,0,1,1,0,8,3,0,0,1,0,0,0,0,0,0,1,3
5,12,0,1,1,0,0,0,1,0,0,0,0,0,0,1,0,1,3
7,17,0,1,1,0,3,1,0,0,1,0,1,0,0,0,0,0,1
6,60,0,1,1,0,12,6,0,0,3,0,0,0,0,1,0,1,3
6,32,0,1,1,0,8,4,0,0,0,0,0,0,2,1,0,6,4
4,29,0,1,4,2,0,0,0,0,0,0,1,0,1,1,0,5,3
5,15,0,1,1,0,3,1,0,0,1,0,1,0,0,1,0,0,1
9,27,0,1,3,0,1,0,6,0,0,2,0,0,0,0,0,2,3
5,19,0,1,1,0,3,1,0,0,0,0,1,0,0,0,0,0,1
5,15,0,1,1,0,1,1,0,0,0,0,1,0,0,0,0,3,4
6,16,0,1,1,0,2,0,0,0,0,0,0,0,0,0,0,0,1
7,14,0,1,1,0,1,1,0,0,0,0,0,0,0,1,0,3,4
5,16,0,1,1,0,0,0,2,0,0,0,0,0,0,1,0,3,4
5,49,0,1,1,0,1,0,0,0,3,0,1,0,0,1,0,1,3
4,36,0,1,1,0,10,6,0,0,0,2,0,0,0,1,0,2,3
4,15,0,1,1,0,2,1,0,0,1,0,0,0,0,1,0,0,1
7,18,0,1,1,0,2,0,2,0,2,0,0,0,0,1,0,1,3
7,22,0,1,1,0,1,0,2,0,0,2,0,0,0,1,0,2,3
5,24,0,1,1,4,3,3,0,0,0,0,0,3,0,0,0,4,3
7,34,0,1,1,3,10,4,0,0,0,0,0,0,2,0,0,6,4
9,21,0,1,5,4,0,0,0,0,0,0,0,3,0,1,0,4,3
6,36,0,1,1,8,5,5,0,0,0,0,1,5,0,1,0,4,3
7,11,0,1,1,0,0,0,1,0,0,0,0,0,0,1,0,3,4
5,31,0,1,2,0,1,0,6,0,0,2,1,0,0,0,0,2,3
7,38,0,1,1,8,5,5,0,0,0,0,0,5,0,0,0,4,3
9,13,0,1,2,0,1,1,0,0,0,0,0,0,0,0,0,3,4
5,50,0,1,1,0,11,7,0,0,0,2,2,0,0,0,0,2,3
6,41,0,1,1,2,4,4,0,0,0,0,0,0,1,0,0,5,3
6,44,0,1,7,4,2,0,0,0,0,0,1,2,0,0,0,4,3
5,45,0,1,1,3,15,5,0,0,0,0,0,0,2,0,0,6,4
5,44,0,1,1,0,10,7,0,0,0,2,0,0,0,0,0,2,3
7,43,0,1,6,3,12,0,0,0,0,0,0,0,3,0,0,6,4
5,19,0,1,1,0,2,0,2,0,2,0,0,0,0,0,0,1,3
7,26,0,1,1,4,3,3,0,0,0,0,1,3,0,0,0,4,3
9,19,0,1,2,0,3,1,0,0,0,0,0,0,0,1,0,0,1
5,28,0,1,1,0,4,0,2,0,1,0,1,0,0,1,0,1,3
5,39,0,1,4,2,0,0,0,0,1,0,2,0,1,0,0,5,3
5,35,0,1,4,3,10,0,0,0,0,0,0,0,2,0,0,6,4
5,25,0,1,2,0,1,0,4,0,0,2,1,0,0,0,0,2,3
5,24,0,1,1,0,8,4,0,0,0,0,2,0,0,0,0,3,4
5,42,0,1,1,3,15,5,0,0,0,0,0,0,2,1,0,6,4
6,42,0,1,1,0,16,7,0,0,1,0,0,0,0,1,0,1,3
5,10,0,1,1,0,0,0,0,0,0,0,0,0,0,1,0,3,4
5,32,0,1,1,4,9,3,0,1,0,0,0,0,0,0,0,4,3
4,72,0,1,1,0,25,11,0,0,1,0,0,0,0,1,0,1,3
5,54,0,1,1,4,8,6,0,0,0,0,0,2,0,0,0,4,3
4,12,0,1,1,0,2,1,0,0,0,0,0,0,0,0,0,1,3
6,10,0,1,1,0,0,0,0,0,0,0,0,0,0,0,0,0,1
5,35,0,1,1,0,9,6,0,0,0,2,1,0,0,0,0,2,3
5,31,0,1,1,0,1,0,4,0,1,2,1,0,0,0,0,2,3
4,14,0,1,1,0,3,0,0,0,0,0,0,0,0,0,0,0,1
5,14,0,1,1,0,1,1,0,0,0,0,0,0,0,0,0,3,4
9,17,0,1,2,0,3,1,0,0,1,0,1,0,0,1,0,0,1
7,15,0,1,1,0,2,0,0,0,0,0,0,0,0,0,0,0,1
5,22,0,1,4,4,0,0,0,0,0,0,0,3,0,1,0,4,3
5,53,0,1,1,0,11,7,0,0,0,2,0,0,0,1,0,2,3
5,17,0,1,1,0,4,1,0,0,0,0,1,0,0,0,0,0,1
9,17,0,1,2,0,8,3,0,0,1,0,0,0,0,0,0,1,3
7,45,0,1,1,2,4,4,0,0,0,0,0,0,1,1,0,5,3
9,29,0,1,5,3,6,0,0,0,0,0,0,0,2,1,0,6,4
5,15,0,1,1,0,4,1,0,0,0,0,1,0,0,0,0,0,1
9,34,0,1,5,3,10,0,0,0,0,0,1,0,2,0,0,6,4
6,17,0,1,1,0,2,1,0,0,0,0,0,0,0,0,0,1,3
6,18,0,1,1,0,3,1,0,0,0,0,0,0,0,0,0,0,1
4,54,0,1,1,4,8,6,0,0,0,0,0,2,0,0,0,4,3
5,39,0,1,1,0,9,6,0,0,0,0,0,1,0,1,0,3,4
4,10,0,1,1,0,0,0,0,0,0,0,1,0,0,1,0,0,1
5,21,0,1,1,0,1,0,2,0,0,2,0,0,0,1,0,2,3
4,37,0,1,4,2,0,0,0,0,0,0,0,0,1,0,0,5,3
7,14,0,1,1,0,0,0,0,0,0,0,0,0,0,0,0,3,4
9,35,0,1,5,2,0,0,0,0,0,0,1,0,1,1,0,5,3
5,18,0,1,1,0,8,3,0,0,1,0,0,0,0,0,0,1,3
9,12,0,1,2,0,0,0,0,0,0,0,0,0,0,0,0,0,1
5,48,0,1,1,0,13,8,0,0,1,2,0,0,0,1,0,2,3
6,36,0,1,4,3,10,0,0,0,0,0,0,0,2,0,0,6,4
7,23,0,1,3,0,4,0,0,0,0,0,0,0,2,0,0,6,4
5,26,0,1,1,4,3,3,0,0,0,0,2,3,0,0,0,4,3
9,37,0,1,2,3,10,4,0,0,0,0,0,0,2,0,0,6,4
5,56,0,1,1,4,8,6,0,0,0,0,1,2,0,0,0,4,3
6,30,0,3,1,3,7,0,0,0,0,0,0,0,1,1,0,3,4
7,42,0,1,1,3,21,7,0,0,0,0,0,0,1,1,0,3,4
5,33,0,1,4,3,10,0,0,0,0,0,1,0,2,1,0,6,4
5,18,0,1,1,0,6,3,0,0,0,0,1,0,0,1,0,3,4
4,13,0,1,1,0,3,0,0,0,0,0,0,0,0,0,0,0,1
5,24,0,1,1,4,3,3,0,0,0,0,1,3,0,0,0,4,3
7,29,0,1,4,3,6,0,0,0,0,0,0,0,2,0,0,6,4
5,25,0,1,1,4,3,3,0,0,0,0,0,3,0,0,0,4,3
5,32,0,1,4,2,0,0,0,0,0,0,1,0,1,0,0,5,3
5,28,0,1,1,0,1,0,0,0,2,0,2,0,0,1,0,1,3
5,18,0,1,1,0,2,0,2,0,2,0,1,0,0,0,0,1,3
7,26,0,1,3,0,0,0,0,0,0,0,0,1,0,0,0,3,4
7,23,0,1,4,4,0,0,0,0,0,0,0,3,0,0,0,4,3
7,19,0,1,1,0,6,3,0,0,0,0,0,0,0,0,0,3,4
6,15,0,1,1,0,4,1,0,0,0,0,0,0,0,1,0,0,1
9,38,0,1,5,2,0,0,0,0,1,0,0,0,1,1,0,5,3
5,30,0,1,2,0,1,0,6,0,0,2,0,0,0,0,0,2,3
9,26,0,1,2,4,3,3,0,0,0,0,0,3,0,1,0,4,3
5,17,0,1,1,0,3,1,0,0,1,0,1,0,0,0,0,0,1
4,45,0,1,1,3,15,5,0,0,0,0,0,0,2,1,0,6,4
7,32,0,1,4,3,10,0,0,0,0,0,0,0,2,1,0,6,4
7,53,0,1,1,0,11,7,0,0,0,2,0,0,0,1,0,2,3
7,12,0,1,1,0,3,0,0,0,0,0,0,0,0,0,0,0,1
9,26,0,1,2,4,3,3,0,0,0,0,0,3,0,1,0,4,3
5,21,0,1,1,0,1,0,2,0,0,2,0,0,0,0,0,2,3
5,13,0,1,1,0,0,0,0,0,0,0,0,0,0,1,0,0,1
5,40,0,1,1,0,16,7,0,0,1,0,0,0,0,1,0,1,3
7,44,0,1,6,3,12,0,0,0,0,0,0,0,3,1,0,6,4
6,13,0,1,1,0,2,0,0,0,1,0,0,0,0,1,0,0,1
5,41,0,1,1,0,10,7,0,0,0,2,0,0,0,1,0,2,3
6,18,0,1,1,0,8,3,0,0,1,0,0,0,0,0,0,1,3
9,51,0,1,2,0,11,7,0,0,0,2,0,0,0,0,0,2,3
4,7,0,1,1,0,0,0,0,0,0,0,0,0,0,1,0,0,1
7,15,0,1,1,0,3,0,0,0,0,0,0,0,0,0,0,0,1
9,47,0,1,2,2,4,4,0,0,1,0,1,0,1,0,0,5,3
4,11,0,1,1,0,0,0,0,0,0,0,0,0,0,0,0,0,1
6,16,0,1,1,0,3,1,0,0,0,0,0,0,0,1,0,0,1
6,41,0,1,1,0,16,7,0,0,1,0,0,0,0,1,0,1,3
6,12,0,1,1,0,0,0,0,0,0,0,0,0,0,1,0,3,4
4,11,0,1,1,0,3,0,0,0,0,0,0,0,0,0,0,0,1
6,12,0,1,1,0,0,0,0,0,0,0,0,0,0,0,0,0,1
5,22,0,1,1,0,2,2,0,0,0,0,0,1,0,1,0,4,3
7,47,0,1,1,2,4,4,0,0,1,0,1,0,1,1,0,5,3
5,45,0,1,1,3,15,5,0,0,0,0,1,0,2,0,0,6,4
5,29,0,1,2,0,1,0,6,0,0,2,1,0,0,1,0,2,3
5,47,0,1,1,2,4,4,0,0,1,0,0,0,1,0,0,5,3
6,41,0,1,1,3,21,7,0,0,0,0,0,0,1,1,0,3,4
5,55,0,1,1,3,18,6,0,0,0,0,0,0,3,1,0,6,4
7,42,0,1,1,0,16,7,0,0,1,0,0,0,0,0,0,1,3
5,34,0,1,4,2,0,0,0,0,0,0,1,0,1,0,0,5,3
7,14,0,1,1,0,0,0,1,0,0,0,0,0,0,1,0,3,4
6,44,0,1,1,3,21,7,0,0,0,0,0,0,1,0,0,3,4
4,34,0,1,1,0,1,0,4,0,0,2,0,0,0,1,0,2,3
6,14,0,1,3,0,0,0,0,0,0,0,0,1,0,0,0,4,3
5,18,0,1,1,0,2,0,0,0,1,0,0,0,0,0,0,0,1
5,10,0,1,1,0,0,0,0,0,0,0,1,0,0,0,0,0,1
4,37,0,1,1,0,9,6,0,0,0,2,1,0,0,0,0,2,3
6,13,0,1,1,0,2,1,0,0,0,0,0,0,0,0,0,1,3
5,35,0,1,4,2,0,0,0,0,0,0,2,0,1,0,0,5,3
5,19,0,1,1,0,6,3,0,0,0,0,2,0,0,0,0,3,4
5,28,0,1,1,0,1,0,4,0,0,2,0,0,0,1,0,2,3
5,56,0,1,1,3,18,6,0,0,0,0,2,0,3,1,0,6,4
9,37,0,1,2,0,9,6,0,0,0,0,0,1,0,0,0,3,4
4,19,0,1,1,0,3,1,0,0,1,0,0,0,0,1,0,0,1
5,36,0,1,1,0,1,0,4,0,0,2,0,0,0,0,0,2,3
6,28,0,1,1,0,1,0,0,0,2,0,0,0,0,1,0,1,3
7,38,0,1,1,0,10,6,0,0,0,2,1,0,0,0,0,2,3
4,50,0,1,1,0,6,0,6,0,1,0,0,0,0,1,0,1,3
6,24,0,1,6,8,0,0,0,0,0,0,0,5,0,1,0,4,3
5,70,0,1,1,0,25,11,0,0,1,0,1,0,0,0,0,1,3
5,14,0,1,1,0,0,0,1,0,0,0,0,0,0,1,0,1,3
7,34,0,1,1,0,1,0,4,0,0,2,0,0,0,0,0,2,3
5,20,0,1,1,0,2,1,0,0,1,0,1,0,0,0,0,0,1
6,15,0,1,1,0,4,1,0,0,0,0,1,0,0,0,0,0,1
5,33,0,1,1,0,16,7,0,0,1,0,0,0,0,1,0,1,3
5,30,0,1,1,0,1,0,4,0,1,2,0,0,0,0,0,2,3
6,15,0,1,1,0,3,0,4,0,1,0,0,0,0,0,0,1,3
7,27,0,1,1,0,1,0,0,0,2,0,0,0,0,1,0,1,3
5,20,0,1,1,0,3,1,0,0,1,0,0,0,0,1,0,0,1
5,42,0,1,1,3,21,7,0,0,0,0,0,0,1,0,0,3,4
4,24,0,1,4,3,6,0,0,0,0,0,0,0,2,0,0,6,4
5,43,0,1,6,3,12,0,0,0,0,0,1,0,3,0,0,6,4
7,14,0,1,1,0,0,0,0,0,1,0,0,0,0,1,0,0,1
9,13,0,1,2,0,0,0,0,0,0,0,0,0,0,1,0,0,1
6,28,0,3,1,3,7,0,0,0,0,0,0,0,1,0,0,3,4
7,18,0,1,1,0,3,1,0,0,1,0,0,0,0,1,0,0,1
5,12,0,1,1,0,2,1,0,0,0,0,1,0,0,0,0,1,3
5,14,0,1,1,0,2,1,0,0,0,0,1,0,0,1,0,1,3
4,39,0,1,1,8,5,5,0,0,0,0,0,5,0,0,0,4,3
5,24,0,1,3,0,0,0,0,0,0,0,1,1,0,1,0,3,4
7,10,0,1,1,0,0,0,0,0,0,0,0,0,0,0,0,0,1
6,35,0,1,4,2,0,0,0,0,0,0,0,0,1,1,0,5,3
5,17,0,1,1,0,1,1,0,0,0,0,0,0,0,1,0,3,4
5,13,0,1,1,0,0,0,0,0,0,0,1,0,0,1,0,0,1
5,17,0,1,1,0,2,0,0,0,1,0,1,0,0,0,0,0,1
5,21,0,1,1,0,2,2,0,0,0,0,0,1,0,1,0,4,3
5,20,0,1,1,0,2,0,2,0,2,0,1,0,0,0,0,1,3
5,9,0,1,1,0,0,0,0,0,0,0,1,0,0,1,0,0,1
9,15,0,1,2,0,0,0,0,0,1,0,0,0,0,0,0,0,1
6,32,0,1,1,4,9,3,0,1,0,0,1,0,0,1,0,4,3
6,15,0,1,1,0,1,1,0,0,0,0,1,0,0,0,0,3,4
7,16,0,1,1,0,2,1,0,0,1,0,0,0,0,1,0,0,1
5,35,0,1,1,3,10,4,0,0,0,0,1,0,2,1,0,6,4
6,17,0,1,1,0,2,1,0,0,1,0,1,0,0,1,0,0,1
9,52,0,1,2,0,11,7,0,0,0,2,0,0,0,0,0,2,3
5,33,0,1,1,0,16,7,0,0,1,0,1,0,0,1,0,1,3
5,31,0,1,1,0,16,7,0,0,1,0,1,0,0,0,0,1,3
5,36,0,1,1,0,8,4,0,0,0,0,0,0,2,0,0,6,4
6,26,0,1,3,0,0,0,0,0,0,0,0,1,0,0,0,3,4
6,36,0,1,1,3,10,4,0,0,0,0,0,0,2,0,0,6,4
4,44,0,1,6,3,12,0,0,0,0,0,0,0,3,1,0,6,4
5,17,0,1,1,0,3,1,0,0,1,0,0,0,0,0,0,0,1
7,14,0,1,1,0,2,0,0,0,0,0,1,0,0,1,0,0,1
5,46,0,1,1,0,10,7,0,0,0,2,1,0,0,0,0,2,3
5,14,0,1,1,0,1,1,0,0,0,0,0,0,0,0,0,3,4
6,32,0,3,1,3,7,0,0,0,0,0,0,0,1,1,0,3,4
5,18,0,1,1,0,2,1,0,0,1,0,0,0,0,0,0,0,1
5,14,0,1,1,0,1,1,0,0,0,0,0,0,0,1,0,3,4
5,17,0,1,1,0,4,1,0,0,0,0,0,0,0,1,0,0,1
9,16,0,1,2,0,3,0,4,0,1,0,0,0,0,1,0,1,3
5,53,0,1,1,0,6,0,6,0,1,0,0,0,0,1,0,1,3
5,17,0,1,1,0,4,1,0,0,0,0,1,0,0,0,0,0,1
7,39,0,1,1,0,9,6,0,0,0,0,0,1,0,1,0,3,4
5,29,0,1,1,0,6,3,0,0,0,2,1,0,0,1,0,2,3
6,17,0,1,1,0,2,1,0,0,0,0,0,0,0,0,0,1,3
6,20,0,1,1,0,2,0,2,0,2,0,0,0,0,1,0,1,3
6,8,0,1,1,0,0,0,0,0,0,0,0,0,0,0,0,0,1
5,10,0,1,1,0,0,0,1,0,0,0,1,0,0,0,0,1,3
4,9,0,1,1,0,0,0,0,0,0,0,1,0,0,0,0,0,1
9,34,0,1,5,2,0,0,0,0,0,0,0,0,1,1,0,5,3
5,43,0,1,1,2,4,4,0,0,0,0,1,0,1,0,0,5,3
5,35,0,1,4,2,0,0,0,0,0,0,0,0,1,1,0,5,3
5,17,0,1,1,0,2,1,0,0,1,0,2,0,0,0,0,0,1
5,35,0,1,1,0,9,6,0,0,0,2,0,0,0,0,0,2,3
9,10,0,1,2,0,0,0,0,0,0,0,0,0,0,1,0,0,1
4,15,0,1,1,0,2,0,0,0,1,0,1,0,0,0,0,0,1
9,37,0,1,2,0,9,6,0,0,0,0,0,1,0,0,0,3,4
5,17,0,1,1,0,2,0,0,0,1,0,1,0,0,0,0,0,1
6,26,0,1,1,4,3,3,0,0,0,0,1,3,0,0,0,4,3
4,40,0,1,4,2,0,0,0,0,1,0,0,0,1,1,0,5,3
4,12,0,1,1,0,3,0,0,0,0,0,0,0,0,0,0,0,1
7,19,0,1,1,0,6,3,0,0,0,0,1,0,0,0,0,3,4
4,36,0,1,1,0,9,6,0,0,0,0,1,1,0,0,0,3,4
4,34,0,1,1,4,9,3,0,1,0,0,0,0,0,0,0,4,3
7,28,0,1,1,0,4,0,2,0,1,0,0,0,0,0,0,1,3
6,15,0,1,1,0,3,0,0,0,1,0,0,0,0,1,0,1,3
6,44,0,1,7,4,2,0,0,0,0,0,1,2,0,1,0,4,3
5,31,0,1,1,0,1,0,4,0,1,2,0,0,0,0,0,2,3
5,26,0,1,1,0,1,0,4,0,0,2,0,0,0,0,0,2,3
5,44,0,1,1,2,4,4,0,0,0,0,0,0,1,0,0,5,3
4,18,0,1,1,0,2,1,0,0,1,0,0,0,0,1,0,0,1
4,38,0,1,1,0,8,4,0,0,2,0,0,0,0,1,0,1,3
5,48,0,1,1,0,6,0,6,0,1,0,1,0,0,1,0,1,3
5,26,0,1,3,0,4,0,0,0,0,0,0,0,2,1,0,6,4
5,16,0,1,1,0,2,0,0,0,0,0,0,0,0,0,0,0,1
4,39,0,1,4,2,0,0,0,0,1,0,1,0,1,0,0,5,3
4,36,0,1,1,2,4,4,0,0,0,0,1,0,1,1,0,5,3
7,56,0,1,1,4,8,6,0,0,0,0,0,2,0,0,0,4,3
5,14,0,1,1,0,2,1,0,0,0,0,0,0,0,1,0,1,3
5,36,0,1,1,8,5,5,0,0,0,0,1,5,0,0,0,4,3
5,27,0,1,1,0,8,4,0,0,0,0,1,0,0,1,0,3,4
6,12,0,1,1,0,0,0,0,0,0,0,0,0,0,1,0,3,4
7,15,0,1,1,0,3,1,0,0,0,0,0,0,0,1,0,0,1
6,52,0,1,1,0,11,7,0,0,0,2,0,0,0,1,0,2,3
5,38,0,1,1,2,4,4,0,0,0,0,1,0,1,0,0,5,3
4,20,0,1,4,4,0,0,0,0,0,0,0,3,0,1,0,4,3
7,44,0,1,1,3,15,5,0,0,0,0,1,0,2,0,0,6,4
6,17,0,1,1,0,2,2,0,0,0,0,0,1,0,0,0,4,3
5,42,0,1,1,0,10,7,0,0,0,2,0,0,0,1,0,2,3
9,29,0,1,5,2,0,0,0,0,0,0,2,0,1,0,0,5,3
7,15,0,1,1,0,0,0,1,0,0,0,0,0,0,0,0,3,4
5,31,0,1,1,0,1,0,0,0,2,0,0,0,0,1,0,1,3
7,30,0,1,1,0,16,7,0,0,1,0,0,0,0,0,0,1,3
7,44,0,1,6,3,12,0,0,0,0,0,0,0,3,1,0,6,4
7,11,0,1,1,0,0,0,0,0,0,0,0,0,0,0,0,3,4
6,32,0,1,4,3,10,0,0,0,0,0,0,0,2,1,0,6,4
7,15,0,1,1,0,0,0,1,0,0,0,0,0,0,1,0,3,4
5,29,0,1,4,3,6,0,0,0,0,0,1,0,2,0,0,6,4
9,8,0,1,2,0,0,0,0,0,0,0,0,0,0,1,0,0,1
5,29,0,1,4,3,6,0,0,0,0,0,0,0,2,1,0,6,4
5,15,0,1,1,0,0,0,0,0,0,0,0,0,0,1,0,3,4
4,43,0,1,6,3,12,0,0,0,0,0,0,0,3,0,0,6,4
6,27,0,1,4,2,0,0,0,0,0,0,1,0,1,0,0,5,3
5,43,0,1,1,3,21,7,0,0,0,0,1,0,1,1,0,3,4
9,45,0,1,2,2,4,4,0,0,0,0,0,0,1,1,0,5,3
7,18,0,1,1,0,3,0,4,0,1,0,0,0,0,1,0,1,3
5,40,0,1,4,2,0,0,0,0,1,0,0,0,1,0,0,5,3
7,14,0,3,1,0,0,0,0,0,0,0,0,0,0,1,0,3,4
5,9,0,1,1,0,0,0,0,0,0,0,0,0,0,0,0,0,1
6,17,0,1,1,0,3,1,0,0,1,0,1,0,0,1,0,0,1
6,37,0,1,4,2,0,0,0,0,0,0,0,0,1,1,0,5,3
7,9,0,1,1,0,0,0,0,0,0,0,0,0,0,0,0,0,1
6,37,0,1,1,2,4,4,0,0,0,0,1,0,1,1,0,5,3
4,14,0,1,1,0,0,0,0,0,1,0,0,0,0,1,0,0,1
6,12,0,1,1,0,0,0,1,0,0,0,1,0,0,0,0,1,3
5,74,0,1,1,0,25,11,0,0,1,0,0,0,0,0,0,1,3
5,36,0,1,1,2,4,4,0,0,0,0,2,0,1,1,0,5,3
5,28,0,1,2,0,1,0,4,0,0,2,0,0,0,1,0,2,3
7,36,0,1,4,2,0,0,0,0,0,0,0,0,1,1,0,5,3
9,14,0,1,2,0,1,1,0,0,0,0,0,0,0,0,0,3,4
7,13,0,1,1,0,2,1,0,0,0,0,0,0,0,0,0,1,3
5,35,0,1,4,2,0,0,0,0,0,0,1,0,1,1,0,5,3
5,46,0,1,1,3,21,7,0,0,0,0,0,0,1,1,0,3,4
9,29,0,1,5,2,0,0,0,0,0,0,1,0,1,0,0,5,3
5,18,0,1,1,0,6,3,0,0,0,0,1,0,0,0,0,3,4
4,22,0,1,4,4,0,0,0,0,0,0,0,3,0,0,0,4,3
6,47,0,1,1,2,4,4,0,0,1,0,0,0,1,0,0,5,3
5,15,0,1,1,0,4,1,0,0,0,0,2,0,0,0,0,0,1
6,18,0,1,1,0,2,0,2,0,2,0,1,0,0,1,0,1,3
5,41,0,1,1,2,4,4,0,0,0,0,1,0,1,1,0,5,3
5,31,0,1,1,0,6,3,0,0,0,2,0,0,0,1,0,2,3
5,24,0,1,6,8,0,0,0,0,0,0,0,5,0,1,0,4,3
6,40,0,1,1,2,4,4,0,0,0,0,1,0,1,1,0,5,3
5,18,0,1,4,4,0,0,0,0,0,0,1,3,0,0,0,4,3
4,27,0,3,1,3,7,0,0,0,0,0,0,0,1,1,0,3,4
5,45,0,1,1,2,4,4,0,0,1,0,0,0,1,1,0,5,3
6,61,0,1,2,0,1,0,8,0,0,2,0,0,0,0,0,2,3
9,32,0,1,3,0,1,0,6,0,0,2,0,0,0,0,0,2,3
7,13,0,1,1,0,3,0,0,0,1,0,0,0,0,0,0,1,3
5,35,0,1,4,2,0,0,0,0,0,0,1,0,1,1,0,5,3
9,22,0,1,2,0,8,4,0,0,0,0,0,0,0,1,0,3,4
6,35,0,1,4,2,0,0,0,0,0,0,0,0,1,1,0,5,3
5,49,0,1,1,0,11,7,0,0,0,2,1,0,0,0,0,2,3
5,32,0,1,1,0,6,3,0,0,0,2,1,0,0,0,0,2,3
4,35,0,1,4,2,0,0,0,0,0,0,0,0,1,0,0,5,3
9,34,0,1,2,4,9,3,0,1,0,0,0,0,0,0,0,4,3
4,44,0,1,1,3,15,5,0,0,0,0,1,0,2,0,0,6,4
9,17,0,1,2,0,1,1,0,0,0,0,0,0,0,0,0,3,4
5,17,0,1,1,0,3,1,0,0,1,0,0,0,0,0,0,0,1
9,19,0,1,2,0,8,3,0,0,1,0,0,0,0,1,0,1,3
6,47,0,1,1,3,15,5,0,0,0,0,0,0,2,0,0,6,4
7,18,0,1,1,0,0,0,0,0,1,0,0,0,0,0,0,0,1
4,14,0,1,1,0,0,0,0,0,1,0,0,0,0,0,0,0,1
7,41,0,1,1,2,4,4,0,0,0,0,0,0,1,0,0,5,3
6,16,0,1,1,0,0,0,0,0,1,0,0,0,0,1,0,0,1
4,9,0,1,1,0,0,0,0,0,0,0,1,0,0,1,0,0,1
5,11,0,1,1,0,3,0,0,0,0,0,0,0,0,0,0,0,1
4,75,0,1,1,0,25,11,0,0,1,0,0,0,0,0,0,1,3
9,19,0,1,2,0,6,3,0,0,0,0,1,0,0,1,0,3,4
7,26,0,1,6,8,0,0,0,0,0,0,0,5,0,0,0,4,3
4,12,0,1,1,0,0,0,0,0,0,0,0,0,0,1,0,0,1
4,21,0,1,1,0,6,3,0,0,0,0,0,0,0,1,0,3,4
4,62,0,1,2,0,1,0,8,0,0,2,0,0,0,0,0,2,3
9,73,0,1,2,0,25,11,0,0,1,0,0,0,0,0,0,1,3
5,39,0,1,1,0,1,0,4,0,0,2,0,0,0,1,0,2,3
5,38,0,1,1,0,10,6,0,0,0,2,1,0,0,0,0,2,3
6,22,0,1,1,0,1,0,2,0,0,2,0,0,0,1,0,2,3
5,40,0,1,1,2,4,4,0,0,0,0,2,0,1,0,0,5,3
4,24,0,1,1,0,1,0,2,0,0,2,0,0,0,1,0,2,3
6,12,0,1,1,0,0,0,0,0,0,0,0,0,0,0,0,0,1
5,44,0,1,6,3,12,0,0,0,0,0,0,0,3,1,0,6,4
7,28,0,1,4,3,6,0,0,0,0,0,0,0,2,1,0,6,4
4,55,0,1,1,4,8,6,0,0,0,0,0,2,0,1,0,4,3
4,38,0,1,4,2,0,0,0,0,1,0,0,0,1,0,0,5,3
4,9,0,1,1,0,0,0,0,0,0,0,0,0,0,0,0,0,1
7,42,0,1,1,3,21,7,0,0,0,0,0,0,1,1,0,3,4
7,13,0,1,1,0,3,0,0,0,1,0,1,0,0,0,0,1,3
9,26,0,1,2,0,1,0,4,0,0,2,1,0,0,0,0,2,3
5,49,0,1,1,0,6,0,6,0,1,0,0,0,0,0,0,1,3
6,29,0,1,1,0,10,4,0,0,2,0,0,0,0,1,0,1,3
6,34,0,1,4,3,10,0,0,0,0,0,1,0,2,1,0,6,4
5,13,0,1,1,0,3,0,0,0,0,0,0,0,0,1,0,0,1
4,23,0,1,3,0,4,0,0,0,0,0,0,0,2,0,0,6,4
6,14,0,1,3,0,0,0,0,0,0,0,0,1,0,1,0,4,3
4,60,0,1,1,0,12,6,0,0,3,0,0,0,0,0,0,1,3
6,27,0,1,1,4,3,3,0,0,0,0,0,3,0,1,0,4,3
6,32,0,1,1,3,10,4,0,0,0,0,0,0,2,1,0,6,4
4,29,0,1,1,0,10,4,0,0,2,0,0,0,0,1,0,1,3
7,34,0,1,1,0,1,0,4,0,1,2,0,0,0,1,0,2,3
7,17,0,1,1,0,0,0,0,0,1,0,0,0,0,1,0,0,1
5,51,0,1,1,0,13,8,0,0,1,2,0,0,0,0,0,2,3
7,25,0,1,1,0,1,0,4,0,0,2,0,0,0,1,0,2,3
5,59,0,1,1,0,12,6,0,0,3,0,0,0,0,0,0,1,3
7,16,0,1,1,0,0,0,1,0,0,0,0,0,0,0,0,3,4
4,11,0,1,1,0,3,0,0,0,1,0,0,0,0,0,0,1,3
6,20,0,1,1,0,2,2,0,0,0,0,0,1,0,1,0,4,3
5,14,0,1,1,0,3,0,0,0,0,0,0,0,0,0,0,0,1
7,36,0,1,1,8,5,5,0,0,0,0,0,5,0,0,0,4,3
5,43,0,1,1,0,16,7,0,0,1,0,0,0,0,1,0,1,3
5,21,0,1,1,0,1,0,2,0,0,2,1,0,0,1,0,2,3
6,18,0,1,1,0,4,2,0,0,0,0,0,0,0,0,0,3,4
5,25,0,1,3,0,0,0,0,0,0,0,1,1,0,0,0,3,4
6,36,0,1,1,0,8,4,0,0,2,0,0,0,0,0,0,1,3
5,60,0,1,2,0,1,0,8,0,0,2,1,0,0,1,0,2,3
5,14,0,1,3,0,0,0,0,0,0,0,1,1,0,0,0,4,3
6,19,0,1,1,0,2,1,0,0,1,0,0,0,0,1,0,0,1
5,14,0,1,1,0,2,0,0,0,0,0,2,0,0,1,0,0,1
7,40,0,1,1,2,4,4,0,0,0,0,1,0,1,1,0,5,3
9,26,0,1,2,0,4,0,2,0,1,0,0,0,0,0,0,1,3
9,37,0,1,2,2,4,4,0,0,0,0,1,0,1,1,0,5,3
4,30,0,1,4,2,0,0,0,0,0,0,1,0,1,0,0,5,3
9,27,0,1,2,0,1,0,4,0,0,2,0,0,0,0,0,2,3
5,27,0,1,1,4,3,3,0,0,0,0,0,3,0,1,0,4,3
7,15,0,1,1,0,0,0,0,0,1,0,0,0,0,0,0,0,1
9,18,0,1,2,0,4,1,0,0,0,0,0,0,0,1,0,0,1
5,27,0,3,1,3,7,0,0,0,0,0,0,0,1,1,0,3,4
5,15,0,1,1,0,3,1,0,0,1,0,0,0,0,0,0,0,1
5,28,0,1,4,3,6,0,0,0,0,0,0,0,2,0,0,6,4
5,52,0,1,1,0,11,7,0,0,0,2,0,0,0,1,0,2,3
5,13,0,1,1,0,0,0,0,0,0,0,0,0,0,0,0,3,4
7,33,0,1,1,0,8,4,0,0,0,0,0,0,2,0,0,6,4
6,42,0,1,6,3,12,0,0,0,0,0,0,0,3,0,0,6,4
9,25,0,1,2,0,8,4,0,0,0,0,0,0,0,1,0,3,4
5,35,0,1,1,3,10,4,0,0,0,0,0,0,2,1,0,6,4
7,26,0,1,4,3,6,0,0,0,0,0,0,0,2,1,0,6,4
7,59,0,1,1,0,12,6,0,0,3,0,0,0,0,1,0,1,3
7,31,0,1,1,0,6,3,0,0,0,2,0,0,0,0,0,2,3
5,45,0,1,1,2,4,4,0,0,0,0,0,0,1,1,0,5,3
4,41,0,1,1,0,16,7,0,0,1,0,0,0,0,0,0,1,3
5,34,0,1,4,2,0,0,0,0,0,0,1,0,1,1,0,5,3
6,41,0,1,1,3,21,7,0,0,0,0,0,0,1,0,0,3,4
5,13,0,1,1,0,2,0,0,0,1,0,0,0,0,1,0,0,1
4,20,0,1,1,0,6,3,0,0,0,0,0,0,0,0,0,3,4
7,18,0,1,1,0,6,3,0,0,0,0,0,0,0,0,0,3,4
6,47,0,1,1,2,4,4,0,0,1,0,1,0,1,0,0,5,3
7,32,0,1,4,2,0,0,0,0,0,0,1,0,1,0,0,5,3
4,17,0,1,1,0,2,0,2,0,2,0,0,0,0,1,0,1,3
5,13,0,1,1,0,3,0,0,0,0,0,1,0,0,1,0,0,1
4,16,0,1,1,0,0,0,0,0,1,0,0,0,0,0,0,0,1
4,17,0,1,1,0,2,1,0,0,1,0,1,0,0,1,0,0,1
7,12,0,1,1,0,0,0,1,0,0,0,0,0,0,1,0,1,3
6,36,0,1,1,0,8,4,0,0,2,0,0,0,0,1,0,1,3
6,46,0,1,1,0,13,8,0,0,1,2,0,0,0,1,0,2,3
4,36,0,1,1,3,10,4,0,0,0,0,0,0,2,0,0,6,4
9,17,0,1,2,0,2,0,0,0,1,0,0,0,0,1,0,0,1
4,14,0,1,3,0,0,0,0,0,0,0,0,1,0,0,0,4,3
5,61,0,1,1,0,12,6,0,0,3,0,1,0,0,1,0,1,3
6,14,0,1,1,0,3,1,0,0,0,0,0,0,0,1,0,0,1
5,18,0,1,1,0,3,1,0,0,1,0,0,0,0,1,0,0,1
5,38,0,1,1,2,4,4,0,0,0,0,2,0,1,1,0,5,3
5,15,0,1,1,0,3,0,4,0,1,0,0,0,0,1,0,1,3
4,35,0,1,4,2,0,0,0,0,0,0,0,0,1,0,0,5,3
7,13,0,1,1,0,2,1,0,0,0,0,0,0,0,1,0,1,3
6,15,0,1,1,0,1,1,0,0,0,0,0,0,0,0,0,3,4
7,75,0,1,1,0,25,11,0,0,1,0,0,0,0,1,0,1,3
5,16,0,1,1,0,0,0,2,0,0,0,0,0,0,0,0,3,4
6,27,0,1,3,0,4,0,0,0,0,0,0,0,2,0,0,6,4
6,15,0,3,1,0,0,0,0,0,0,0,0,0,0,0,0,3,4
6,58,0,1,1,0,12,6,0,0,3,0,0,0,0,0,0,1,3
9,20,0,1,2,0,2,1,0,0,1,0,0,0,0,1,0,0,1
6,32,0,1,4,2,0,0,0,0,0,0,1,0,1,1,0,5,3
5,63,0,1,2,0,1,0,8,0,0,2,0,0,0,1,0,2,3
5,22,0,1,1,0,1,0,2,0,0,2,0,0,0,0,0,2,3
9,14,0,1,2,0,2,1,0,0,0,0,1,0,0,0,0,1,3
5,43,0,1,1,3,21,7,0,0,0,0,1,0,1,0,0,3,4
6,37,0,1,1,0,9,6,0,0,0,0,0,1,0,0,0,3,4
4,19,0,3,1,0,0,0,0,0,0,0,0,0,0,1,0,3,4
5,39,0,1,1,0,9,6,0,0,0,2,0,0,0,0,0,2,3
9,37,0,1,2,3,10,4,0,0,0,0,0,0,2,0,0,6,4
9,39,0,1,2,0,9,6,0,0,0,0,0,1,0,0,0,3,4
6,17,0,1,1,0,0,0,0,0,1,0,0,0,0,1,0,0,1
5,17,0,1,1,0,3,1,0,0,1,0,1,0,0,0,0,0,1
5,14,0,1,1,0,0,0,2,0,0,0,1,0,0,1,0,3,4
5,20,0,1,1,0,2,2,0,0,0,0,0,1,0,0,0,4,3
4,37,0,1,1,0,9,6,0,0,0,2,0,0,0,1,0,2,3
5,22,0,1,3,0,0,0,0,0,0,0,0,1,0,0,0,3,4
6,16,0,1,1,0,2,1,0,0,1,0,0,0,0,0,0,0,1
5,22,0,1,4,4,0,0,0,0,0,0,0,3,0,0,0,4,3
4,10,0,1,1,0,3,0,0,0,1,0,0,0,0,0,0,1,3
6,15,0,1,1,0,0,0,0,0,0,0,0,0,0,1,0,3,4
6,34,0,1,4,2,0,0,0,0,0,0,0,0,1,0,0,5,3
5,36,0,1,1,0,1,0,4,0,0,2,1,0,0,0,0,2,3
9,41,0,1,2,3,21,7,0,0,0,0,0,0,1,1,0,3,4
7,16,0,1,1,0,0,0,0,0,1,0,0,0,0,0,0,0,1
4,40,0,1,1,0,10,6,0,0,0,2,0,0,0,1,0,2,3
6,50,0,1,1,0,6,0,6,0,1,0,0,0,0,0,0,1,3
5,34,0,1,1,0,1,0,4,0,1,2,1,0,0,0,0,2,3
5,37,0,1,1,8,5,5,0,0,0,0,0,5,0,0,0,4,3
7,43,0,1,7,4,2,0,0,0,0,0,0,2,0,1,0,4,3
9,34,0,1,2,3,10,4,0,0,0,0,0,0,2,0,0,6,4
5,19,0,1,1,0,4,2,0,0,0,0,0,0,0,1,0,3,4
5,35,0,1,1,0,9,6,0,0,0,2,0,0,0,0,0,2,3
4,38,0,1,1,0,10,6,0,0,0,2,0,0,0,0,0,2,3
5,32,0,1,1,0,6,3,0,0,0,2,0,0,0,1,0,2,3
5,27,0,1,2,0,1,0,4,0,0,2,0,0,0,1,0,2,3
5,17,0,1,1,0,2,0,0,0,1,0,0,0,0,1,0,0,1
6,42,0,1,7,4,2,0,0,0,0,0,0,2,0,0,0,4,3
5,17,0,1,1,0,0,0,0,0,1,0,1,0,0,1,0,0,1
4,29,0,1,2,0,1,0,6,0,0,2,1,0,0,0,0,2,3
6,17,0,1,1,0,2,0,0,0,1,0,0,0,0,1,0,0,1
5,52,0,1,1,0,11,7,0,0,0,2,0,0,0,1,0,2,3
5,43,0,1,1,0,10,7,0,0,0,2,1,0,0,1,0,2,3
9,29,0,1,2,0,6,3,0,0,0,2,0,0,0,0,0,2,3
5,50,0,1,1,0,11,7,0,0,0,2,1,0,0,1,0,2,3
5,35,0,1,4,2,0,0,0,0,0,0,2,0,1,1,0,5,3
4,37,0,1,1,8,5,5,0,0,0,0,0,5,0,1,0,4,3
9,16,0,3,2,0,0,0,0,0,0,0,0,0,0,1,0,3,4
9,44,0,1,7,3,12,0,0,0,0,0,0,0,3,0,0,6,4
5,32,0,1,1,3,10,4,0,0,0,0,0,0,2,1,0,6,4
9,32,0,1,2,0,16,7,0,0,1,0,0,0,0,0,0,1,3
7,16,0,3,1,0,0,0,0,0,0,0,0,0,0,0,0,3,4
4,37,0,1,1,2,4,4,0,0,0,0,1,0,1,1,0,5,3
5,38,0,1,4,2,0,0,0,0,1,0,0,0,1,1,0,5,3
7,39,0,1,1,0,16,7,0,0,1,0,0,0,0,1,0,1,3
4,8,0,1,1,0,0,0,0,0,0,0,0,0,0,0,0,0,1
5,31,0,3,1,3,7,0,0,0,0,0,0,0,1,1,0,3,4
6,40,0,1,1,0,16,7,0,0,1,0,0,0,0,1,0,1,3
5,11,0,1,1,0,3,0,0,0,0,0,1,0,0,0,0,0,1
5,8,0,1,1,0,0,0,0,0,0,0,1,0,0,1,0,0,1
4,42,0,1,1,0,10,7,0,0,0,2,0,0,0,1,0,2,3
7,23,0,1,3,0,0,0,0,0,0,0,0,1,0,1,0,3,4
5,31,0,1,2,0,1,0,6,0,0,2,0,0,0,1,0,2,3
7,56,0,1,1,3,18,6,0,0,0,0,0,0,3,0,0,6,4
7,18,0,3,1,0,0,0,0,0,0,0,0,0,0,1,0,3,4
6,43,0,1,1,3,21,7,0,0,0,0,0,0,1,0,0,3,4
6,44,0,1,7,4,2,0,0,0,0,0,0,2,0,1,0,4,3
9,86,0,1,2,0,18,13,0,0,0,2,1,0,0,0,0,2,3
6,87,0,1,1,0,18,13,0,0,0,2,0,0,0,1,0,2,3
5,40,0,1,1,0,10,6,0,0,0,2,0,0,0,1,0,2,3
5,16,0,1,1,0,4,2,0,0,0,0,2,0,0,0,0,3,4
5,10,0,1,1,0,0,0,0,0,0,0,0,0,0,1,0,0,1
5,35,0,1,1,0,8,4,0,0,2,0,0,0,0,0,0,1,3
5,26,0,1,1,0,1,0,4,0,0,2,2,0,0,0,0,2,3
5,25,0,1,1,0,1,0,2,0,0,2,0,0,0,0,0,2,3
5,25,0,1,1,0,10,4,0,0,2,0,0,0,0,0,0,1,3
5,41,0,1,4,2,0,0,0,0,1,0,0,0,1,1,0,5,3
4,15,0,1,1,0,4,1,0,0,0,0,0,0,0,1,0,0,1
6,19,0,1,1,0,3,1,0,0,0,0,0,0,0,0,0,0,1
7,37,0,1,4,2,0,0,0,0,1,0,0,0,1,0,0,5,3
4,12,0,1,1,0,0,0,0,0,0,0,0,0,0,0,0,0,1
4,35,0,1,1,0,1,0,4,0,1,2,0,0,0,0,0,2,3
5,32,0,1,1,4,9,3,0,1,0,0,1,0,0,1,0,4,3
4,43,0,1,1,3,21,7,0,0,0,0,0,0,1,0,0,3,4
5,18,0,1,1,0,2,0,2,0,2,0,0,0,0,1,0,1,3
4,11,0,1,1,0,0,0,0,0,0,0,0,0,0,1,0,0,1
5,17,0,1,1,0,4,1,0,0,0,0,1,0,0,1,0,0,1
5,10,0,1,1,0,0,0,0,0,0,0,1,0,0,1,0,0,1
5,59,0,1,2,0,1,0,8,0,0,2,0,0,0,0,0,2,3
6,11,0,1,1,0,0,0,0,0,0,0,0,0,0,1,0,0,1
5,32,0,1,1,0,6,3,0,0,0,2,0,0,0,0,0,2,3
4,16,0,1,1,0,8,3,0,0,1,0,0,0,0,1,0,1,3
5,17,0,1,1,0,4,1,0,0,0,0,0,0,0,0,0,0,1
5,33,0,1,1,0,8,4,0,0,0,0,1,0,2,1,0,6,4
5,37,0,1,4,3,10,0,0,0,0,0,1,0,2,0,0,6,4
4,34,0,1,1,0,1,0,4,0,0,2,0,0,0,1,0,2,3
6,19,0,3,1,0,0,0,0,0,0,0,0,0,0,1,0,3,4
5,23,0,1,1,0,1,0,2,0,0,2,1,0,0,0,0,2,3
6,7,0,1,1,0,0,0,0,0,0,0,0,0,0,1,0,0,1
9,31,0,1,5,2,0,0,0,0,0,0,1,0,1,0,0,5,3
5,44,0,1,1,3,15,5,0,0,0,0,1,0,2,1,0,6,4
6,41,0,1,1,0,10,6,0,0,0,2,0,0,0,0,0,2,3
7,36,0,1,1,0,8,4,0,0,2,0,0,0,0,0,0,1,3
7,8,0,1,1,0,0,0,0,0,0,0,0,0,0,0,0,0,1
5,37,0,1,1,8,5,5,0,0,0,0,0,5,0,1,0,4,3
4,48,0,1,1,0,11,7,0,0,0,2,0,0,0,0,0,2,3
5,46,0,1,1,0,1,0,0,0,3,0,0,0,0,0,0,1,3
6,32,0,3,1,3,7,0,0,0,0,0,0,0,1,1,0,3,4
7,35,0,1,4,3,10,0,0,0,0,0,0,0,2,0,0,6,4
5,13,0,1,1,0,2,0,0,0,0,0,0,0,0,0,0,0,1
5,31,0,1,4,2,0,0,0,0,0,0,1,0,1,0,0,5,3
5,17,0,1,1,0,3,1,0,0,0,0,1,0,0,1,0,0,1
5,36,0,1,1,0,9,6,0,0,0,0,1,1,0,1,0,3,4
4,38,0,1,1,8,5,5,0,0,0,0,0,5,0,1,0,4,3
4,14,0,1,1,0,0,0,2,0,0,0,0,0,0,0,0,3,4
4,27,0,1,1,4,3,3,0,0,0,0,0,3,0,1,0,4,3
5,56,0,1,1,3,18,6,0,0,0,0,0,0,3,1,0,6,4
7,37,0,1,4,2,0,0,0,0,1,0,0,0,1,0,0,5,3
5,9,0,1,1,0,0,0,0,0,0,0,0,0,0,0,0,0,1
9,16,0,1,2,0,2,0,2,0,2,0,0,0,0,0,0,1,3
9,15,0,1,2,0,4,1,0,0,0,0,1,0,0,1,0,0,1
4,22,0,1,4,4,0,0,0,0,0,0,0,3,0,1,0,4,3
9,24,0,1,2,0,8,4,0,0,0,0,0,0,0,0,0,3,4
6,14,0,1,1,0,0,0,1,0,0,0,0,0,0,1,0,3,4
5,49,0,1,1,2,4,4,0,0,1,0,0,0,1,0,0,5,3
6,45,0,1,6,3,12,0,0,0,0,0,0,0,3,1,0,6,4
5,25,0,1,1,4,3,3,0,0,0,0,1,3,0,0,0,4,3
5,44,0,1,1,0,10,7,0,0,0,2,0,0,0,1,0,2,3
4,26,0,1,6,8,0,0,0,0,0,0,1,5,0,1,0,4,3
5,33,0,1,1,0,8,4,0,0,0,0,1,0,2,1,0,6,4
6,42,0,1,6,3,12,0,0,0,0,0,0,0,3,0,0,6,4
9,28,0,1,4,0,4,0,0,0,0,0,0,0,2,1,0,6,4
6,18,0,1,1,0,3,1,0,0,0,0,0,0,0,0,0,0,1
5,12,0,1,1,0,0,0,0,0,0,0,0,0,0,0,0,3,4
5,29,0,1,6,8,0,0,0,0,0,0,1,5,0,0,0,4,3
5,15,0,3,1,0,0,0,0,0,0,0,1,0,0,0,0,3,4
5,22,0,1,1,0,6,3,0,0,0,0,1,0,0,1,0,3,4
5,15,0,1,1,0,2,1,0,0,1,0,1,0,0,1,0,0,1
5,9,0,1,1,0,0,0,0,0,0,0,0,0,0,0,0,0,1
6,26,0,1,1,0,1,0,0,0,2,0,0,0,0,1,0,1,3
9,42,0,1,7,3,12,0,0,0,0,0,0,0,3,0,0,6,4
5,36,0,1,1,2,4,4,0,0,0,0,1,0,1,0,0,5,3
5,16,0,3,1,0,0,0,0,0,0,0,1,0,0,1,0,3,4
5,52,0,1,1,0,11,7,0,0,0,2,0,0,0,1,0,2,3
5,41,0,1,1,0,16,7,0,0,1,0,0,0,0,0,0,1,3
7,17,0,1,1,0,2,0,0,0,0,0,0,0,0,0,0,0,1
5,16,0,1,1,0,8,3,0,0,1,0,1,0,0,1,0,1,3
7,24,0,1,1,0,1,0,2,0,0,2,0,0,0,0,0,2,3
5,30,0,1,4,2,0,0,0,0,0,0,1,0,1,1,0,5,3
7,38,0,1,1,2,4,4,0,0,0,0,1,0,1,1,0,5,3
9,29,0,1,2,0,1,0,0,0,2,0,0,0,0,0,0,1,3
9,37,0,1,5,2,0,0,0,0,1,0,0,0,1,0,0,5,3
9,22,0,1,2,0,8,3,0,0,1,0,0,0,0,0,0,1,3
9,22,0,1,2,0,1,0,2,0,0,2,0,0,0,0,0,2,3
9,37,0,1,2,0,9,6,0,0,0,2,0,0,0,0,0,2,3
4,14,0,1,1,0,2,1,0,0,0,0,0,0,0,0,0,1,3
7,10,0,1,1,0,0,0,0,0,0,0,0,0,0,1,0,0,1
4,54,0,1,1,3,18,6,0,0,0,0,0,0,3,1,0,6,4
9,27,0,1,2,0,4,0,2,0,1,0,0,0,0,1,0,1,3
5,15,0,1,1,0,0,0,0,0,1,0,2,0,0,1,0,0,1
7,36,0,1,1,0,9,6,0,0,0,0,1,1,0,0,0,3,4
5,12,0,1,1,0,0,0,0,0,0,0,0,0,0,0,0,0,1
9,13,0,1,2,0,4,1,0,0,0,0,0,0,0,1,0,0,1
9,35,0,1,5,2,0,0,0,0,0,0,0,0,1,0,0,5,3
6,15,0,1,1,0,4,1,0,0,0,0,0,0,0,1,0,0,1
5,27,0,1,2,0,1,0,4,0,0,2,0,0,0,1,0,2,3
7,22,0,1,1,0,6,3,0,0,0,0,0,0,0,0,0,3,4
5,12,0,1,1,0,0,0,1,0,0,0,1,0,0,1,0,1,3
4,20,0,1,1,0,6,3,0,0,0,0,0,0,0,0,0,3,4
9,17,0,1,2,0,2,1,0,0,1,0,1,0,0,0,0,0,1
6,16,0,1,1,0,2,0,0,0,1,0,0,0,0,0,0,0,1
5,34,0,1,4,3,10,0,0,0,0,0,1,0,2,0,0,6,4
7,42,0,1,7,4,2,0,0,0,0,0,0,2,0,1,0,4,3
5,24,0,1,1,0,10,4,0,0,2,0,1,0,0,0,0,1,3
5,23,0,1,3,0,0,0,0,0,0,0,0,1,0,0,0,3,4
7,33,0,1,1,4,9,3,0,1,0,0,0,0,0,1,0,4,3
5,40,0,1,1,2,4,4,0,0,0,0,1,0,1,0,0,5,3
7,11,0,1,1,0,0,0,0,0,0,0,0,0,0,0,0,0,1
4,38,0,1,1,2,4,4,0,0,0,0,1,0,1,0,0,5,3
6,13,0,1,1,0,2,0,0,0,1,0,0,0,0,1,0,0,1
5,26,0,1,1,0,1,0,2,0,0,2,1,0,0,0,0,2,3
9,15,0,1,2,0,0,0,0,0,1,0,1,0,0,1,0,0,1
9,58,0,1,2,4,8,6,0,0,0,0,0,2,0,1,0,4,3
5,34,0,1,1,3,10,4,0,0,0,0,0,0,2,1,0,6,4
4,16,0,1,1,0,3,0,4,0,1,0,0,0,0,0,0,1,3
4,13,0,1,1,0,0,0,1,0,0,0,0,0,0,0,0,3,4
5,19,0,1,1,0,2,1,0,0,1,0,0,0,0,1,0,0,1
5,10,0,1,1,0,0,0,0,0,0,0,0,0,0,1,0,0,1
7,40,0,1,4,2,0,0,0,0,1,0,0,0,1,0,0,5,3
7,26,0,1,3,0,4,0,0,0,0,0,0,0,2,1,0,6,4
5,28,0,1,1,0,1,0,4,0,0,2,0,0,0,0,0,2,3
5,14,0,1,1,0,2,0,0,0,0,0,1,0,0,1,0,0,1
9,17,0,1,2,0,4,2,0,0,0,0,0,0,0,1,0,3,4
7,13,0,1,1,0,0,0,2,0,0,0,1,0,0,1,0,3,4
4,14,0,1,1,0,3,0,0,0,1,0,0,0,0,0,0,1,3
5,12,0,1,1,0,2,1,0,0,0,0,0,0,0,1,0,1,3
9,39,0,1,5,2,0,0,0,0,1,0,1,0,1,1,0,5,3
5,29,0,3,1,3,7,0,0,0,0,0,0,0,1,0,0,3,4
5,20,0,1,1,0,2,0,2,0,2,0,0,0,0,0,0,1,3
7,29,0,1,4,2,0,0,0,0,0,0,2,0,1,0,0,5,3
6,36,0,1,1,0,10,6,0,0,0,2,0,0,0,0,0,2,3
5,39,0,1,1,0,1,0,4,0,0,2,0,0,0,1,0,2,3
5,43,0,1,7,4,2,0,0,0,0,0,1,2,0,1,0,4,3
4,32,0,1,1,0,16,7,0,0,1,0,0,0,0,0,0,1,3
5,18,0,1,3,0,0,0,0,0,0,0,0,1,0,1,0,4,3
4,12,0,1,1,0,0,0,0,0,0,0,0,0,0,0,0,0,1
9,36,0,1,2,0,9,6,0,0,0,0,0,1,0,1,0,3,4
7,27,0,1,1,4,3,3,0,0,0,0,0,3,0,0,0,4,3
6,10,0,1,1,0,0,0,0,0,0,0,0,0,0,1,0,0,1
7,16,0,1,1,0,4,1,0,0,0,0,0,0,0,0,0,0,1
5,33,0,1,1,0,1,0,4,0,1,2,0,0,0,1,0,2,3
5,16,0,1,1,0,3,1,0,0,1,0,0,0,0,0,0,0,1
4,15,0,1,1,0,0,0,1,0,0,0,0,0,0,0,0,3,4
9,25,0,1,5,3,6,0,0,0,0,0,0,0,2,1,0,6,4
9,36,0,1,2,8,5,5,0,0,0,0,0,5,0,0,0,4,3
7,11,0,1,1,0,0,0,0,0,0,0,0,0,0,0,0,0,1
7,18,0,1,1,0,3,1,0,0,0,0,0,0,0,1,0,0,1
4,37,0,1,1,2,4,4,0,0,0,0,2,0,1,0,0,5,3
6,15,0,1,1,0,0,0,1,0,0,0,0,0,0,1,0,1,3
4,39,0,1,4,2,0,0,0,0,1,0,0,0,1,1,0,5,3
9,47,0,1,2,3,15,5,0,0,0,0,0,0,2,1,0,6,4
5,19,0,1,1,0,2,2,0,0,0,0,1,1,0,0,0,4,3
5,11,0,1,1,0,0,0,1,0,0,0,1,0,0,0,0,1,3
4,13,0,1,1,0,0,0,0,0,0,0,0,0,0,1,0,0,1
7,28,0,1,1,0,6,3,0,0,0,2,0,0,0,1,0,2,3
9,14,0,1,2,0,3,0,0,0,0,0,0,0,0,0,0,0,1
6,34,0,1,4,3,10,0,0,0,0,0,0,0,2,0,0,6,4
5,39,0,1,1,0,16,7,0,0,1,0,0,0,0,0,0,1,3
9,38,0,1,2,0,9,6,0,0,0,2,0,0,0,1,0,2,3
5,14,0,1,1,0,2,0,0,0,0,0,0,0,0,0,0,0,1
5,18,0,1,1,0,3,1,0,0,1,0,0,0,0,0,0,0,1
4,29,0,1,4,2,0,0,0,0,0,0,1,0,1,0,0,5,3
5,28,0,1,1,4,3,3,0,0,0,0,0,3,0,0,0,4,3
6,15,0,1,1,0,2,1,0,0,1,0,0,0,0,1,0,0,1
9,13,0,1,2,0,0,0,1,0,0,0,0,0,0,0,0,3,4
5,32,0,1,1,4,9,3,0,1,0,0,1,0,0,0,0,4,3
9,17,0,1,2,0,2,2,0,0,0,0,0,1,0,0,0,4,3
5,56,0,1,1,4,8,6,0,0,0,0,1,2,0,0,0,4,3
4,25,0,1,6,8,0,0,0,0,0,0,0,5,0,0,0,4,3
6,28,0,1,1,0,10,4,0,0,2,0,0,0,0,1,0,1,3
9,49,0,1,2,0,11,7,0,0,0,2,0,0,0,0,0,2,3
5,73,0,1,1,0,25,11,0,0,1,0,1,0,0,1,0,1,3
5,27,0,1,1,0,4,0,2,0,1,0,0,0,0,0,0,1,3
6,11,0,1,1,0,3,0,0,0,0,0,0,0,0,0,0,0,1
5,15,0,1,3,0,0,0,0,0,0,0,2,1,0,0,0,4,3
7,45,0,1,1,2,4,4,0,0,1,0,0,0,1,1,0,5,3
4,46,0,1,1,0,1,0,0,0,3,0,0,0,0,1,0,1,3
6,29,0,1,4,2,0,0,0,0,0,0,1,0,1,0,0,5,3
5,22,0,1,1,0,1,0,2,0,0,2,0,0,0,0,0,2,3
5,49,0,1,1,2,4,4,0,0,1,0,1,0,1,0,0,5,3
6,38,0,1,1,8,5,5,0,0,0,0,0,5,0,0,0,4,3
6,25,0,1,4,3,6,0,0,0,0,0,0,0,2,0,0,6,4
5,37,0,1,4,3,10,0,0,0,0,0,0,0,2,1,0,6,4
5,31,0,1,1,0,8,4,0,0,0,0,0,0,2,1,0,6,4
5,18,0,1,1,0,2,2,0,0,0,0,0,1,0,0,0,4,3
7,33,0,1,1,0,8,4,0,0,0,0,0,0,2,0,0,6,4
6,25,0,1,1,4,3,3,0,0,0,0,0,3,0,0,0,4,3
6,27,0,1,1,0,1,0,4,0,0,2,0,0,0,0,0,2,3
7,49,0,1,1,2,4,4,0,0,1,0,0,0,1,1,0,5,3
5,36,0,1,4,3,10,0,0,0,0,0,0,0,2,0,0,6,4
4,38,0,1,4,2,0,0,0,0,0,0,0,0,1,1,0,5,3
5,15,0,1,1,0,3,1,0,0,0,0,1,0,0,1,0,0,1
6,19,0,1,1,0,8,3,0,0,1,0,0,0,0,1,0,1,3
4,18,0,1,1,0,3,1,0,0,0,0,0,0,0,1,0,0,1
5,18,0,1,1,0,6,3,0,0,0,0,0,0,0,1,0,3,4
4,89,0,1,1,0,18,13,0,0,0,2,0,0,0,0,0,2,3
6,38,0,1,1,0,8,4,0,0,2,0,0,0,0,1,0,1,3
9,34,0,1,2,0,1,0,4,0,1,2,0,0,0,0,0,2,3
5,14,0,1,1,0,2,0,0,0,1,0,0,0,0,1,0,0,1
7,15,0,1,1,0,4,1,0,0,0,0,0,0,0,0,0,0,1
6,25,0,1,6,8,0,0,0,0,0,0,0,5,0,1,0,4,3
9,18,0,1,2,0,2,0,0,0,1,0,0,0,0,0,0,0,1
4,40,0,1,1,0,10,6,0,0,0,2,0,0,0,0,0,2,3
5,29,0,3,1,3,7,0,0,0,0,0,0,0,1,1,0,3,4
4,59,0,1,1,0,12,6,0,0,3,0,1,0,0,1,0,1,3
7,31,0,1,4,2,0,0,0,0,0,0,1,0,1,1,0,5,3
6,54,0,1,1,3,18,6,0,0,0,0,0,0,3,0,0,6,4
5,18,0,1,1,0,3,1,0,0,0,0,0,0,0,1,0,0,1
7,25,0,1,2,0,1,0,4,0,0,2,1,0,0,0,0,2,3
4,26,0,1,1,4,3,3,0,0,0,0,1,3,0,0,0,4,3
5,13,0,1,1,0,3,0,0,0,1,0,2,0,0,0,0,1,3
4,10,0,1,1,0,0,0,0,0,0,0,0,0,0,0,0,0,1
5,28,0,1,1,4,3,3,0,0,0,0,0,3,0,1,0,4,3
9,19,0,1,2,0,2,1,0,0,1,0,0,0,0,0,0,0,1
9,20,0,1,5,4,0,0,0,0,0,0,0,3,0,1,0,4,3
5,30,0,1,1,4,9,3,0,1,0,0,0,0,0,0,0,4,3
4,37,0,1,1,2,4,4,0,0,0,0,2,0,1,0,0,5,3
5,22,0,1,1,0,6,3,0,0,0,0,0,0,0,0,0,3,4
5,32,0,1,1,0,1,0,4,0,1,2,0,0,0,0,0,2,3
7,14,0,1,1,0,0,0,2,0,0,0,0,0,0,0,0,3,4
9,17,0,1,2,0,3,1,0,0,0,0,0,0,0,0,0,0,1
9,11,0,1,2,0,0,0,2,0,0,0,0,0,0,1,0,3,4
5,20,0,1,1,0,2,0,2,0,2,0,0,0,0,1,0,1,3
7,12,0,1,1,0,0,0,1,0,0,0,0,0,0,1,0,1,3
7,10,0,1,1,0,0,0,0,0,0,0,1,0,0,1,0,0,1
7,15,0,1,1,0,1,1,0,0,0,0,1,0,0,0,0,3,4
5,26,0,1,1,4,3,3,0,0,0,0,2,3,0,1,0,4,3
5,46,0,1,6,3,12,0,0,0,0,0,0,0,3,1,0,6,4
7,16,0,1,1,0,3,0,4,0,1,0,1,0,0,1,0,1,3
6,28,0,1,1,0,1,0,0,0,2,0,0,0,0,0,0,1,3
6,36,0,1,1,8,5,5,0,0,0,0,0,5,0,0,0,4,3
9,19,0,3,2,0,0,0,0,0,0,0,0,0,0,1,0,3,4
7,18,0,1,1,0,4,2,0,0,0,0,0,0,0,1,0,3,4
9,50,0,1,2,2,4,4,0,0,1,0,0,0,1,0,0,5,3
5,40,0,1,1,0,10,6,0,0,0,2,1,0,0,0,0,2,3
6,55,0,1,1,4,8,6,0,0,0,0,0,2,0,0,0,4,3
6,46,0,1,1,0,13,8,0,0,1,2,0,0,0,0,0,2,3
5,34,0,1,1,0,8,4,0,0,0,0,0,0,2,1,0,6,4
6,16,0,1,1,0,2,0,0,0,0,0,0,0,0,1,0,0,1
4,39,0,1,1,8,5,5,0,0,0,0,0,5,0,1,0,4,3
7,15,0,1,3,0,0,0,0,0,0,0,1,1,0,1,0,4,3
6,15,0,1,1,0,0,0,0,0,0,0,0,0,0,1,0,3,4
5,7,0,1,1,0,0,0,0,0,0,0,1,0,0,0,0,0,1
9,36,0,1,2,0,9,6,0,0,0,0,0,1,0,0,0,3,4
5,18,0,1,1,0,6,3,0,0,0,0,0,0,0,1,0,3,4
9,25,0,1,3,0,1,0,4,0,0,2,1,0,0,0,0,2,3
7,47,0,1,1,0,13,8,0,0,1,2,0,0,0,1,0,2,3
6,31,0,1,1,0,1,0,0,0,2,0,0,0,0,0,0,1,3
5,26,0,1,1,4,3,3,0,0,0,0,2,3,0,1,0,4,3
7,46,0,1,1,0,13,8,0,0,1,2,0,0,0,1,0,2,3
7,8,0,1,1,0,0,0,0,0,0,0,0,0,0,0,0,0,1
6,87,0,1,1,0,18,13,0,0,0,2,0,0,0,0,0,2,3
4,18,0,1,1,0,2,2,0,0,0,0,0,1,0,1,0,4,3
6,32,0,1,4,2,0,0,0,0,0,0,1,0,1,1,0,5,3
5,14,0,1,3,0,0,0,0,0,0,0,0,1,0,1,0,4,3
7,29,0,3,1,3,7,0,0,0,0,0,0,0,1,0,0,3,4
7,28,0,1,1,4,3,3,0,0,0,0,0,3,0,1,0,4,3
5,9,0,1,1,0,0,0,0,0,0,0,1,0,0,1,0,0,1
5,41,0,1,1,2,4,4,0,0,0,0,0,0,1,1,0,5,3
9,51,0,1,2,0,11,7,0,0,0,2,0,0,0,1,0,2,3
5,38,0,1,4,2,0,0,0,0,0,0,0,0,1,0,0,5,3
6,8,0,1,1,0,0,0,0,0,0,0,0,0,0,0,0,0,1
7,32,0,1,4,3,10,0,0,0,0,0,0,0,2,1,0,6,4
9,32,0,1,2,0,8,4,0,0,0,0,0,0,2,1,0,6,4
9,15,0,1,2,0,1,1,0,0,0,0,1,0,0,0,0,3,4
7,17,0,1,1,0,2,1,0,0,1,0,1,0,0,0,0,0,1
9,19,0,1,2,0,3,1,0,0,0,0,0,0,0,0,0,0,1
6,62,0,1,1,0,12,6,0,0,3,0,0,0,0,0,0,1,3
5,8,0,1,1,0,0,0,0,0,0,0,0,0,0,0,0,0,1
6,45,0,1,1,0,1,0,0,0,3,0,0,0,0,0,0,1,3
6,51,0,1,1,0,6,0,6,0,1,0,0,0,0,0,0,1,3
6,13,0,1,1,0,0,0,0,0,0,0,0,0,0,1,0,3,4
6,13,0,1,1,0,1,1,0,0,0,0,0,0,0,0,0,3,4
5,49,0,1,1,0,11,7,0,0,0,2,0,0,0,1,0,2,3
9,35,0,1,2,0,8,4,0,0,0,0,0,0,2,1,0,6,4
6,22,0,1,4,4,0,0,0,0,0,0,0,3,0,1,0,4,3
5,13,0,1,1,0,1,1,0,0,0,0,1,0,0,1,0,3,4
9,23,0,1,2,0,8,4,0,0,0,0,0,0,0,1,0,3,4
5,45,0,1,1,2,4,4,0,0,1,0,0,0,1,0,0,5,3
7,47,0,1,1,2,4,4,0,0,1,0,1,0,1,0,0,5,3
6,13,0,1,3,0,0,0,0,0,0,0,0,1,0,0,0,4,3
4,19,0,1,1,0,2,2,0,0,0,0,0,1,0,0,0,4,3
5,17,0,1,3,0,0,0,0,0,0,0,0,1,0,0,0,4,3
6,39,0,1,4,2,0,0,0,0,1,0,1,0,1,1,0,5,3
4,32,0,1,1,0,8,4,0,0,0,0,0,0,2,0,0,6,4
7,48,0,1,1,2,4,4,0,0,1,0,0,0,1,1,0,5,3
5,29,0,1,1,0,1,0,4,0,0,2,0,0,0,1,0,2,3
5,17,0,1,1,0,2,1,0,0,1,0,2,0,0,1,0,0,1
5,39,0,1,1,8,5,5,0,0,0,0,1,5,0,1,0,4,3
5,60,0,1,1,0,12,6,0,0,3,0,1,0,0,1,0,1,3
4,57,0,1,1,3,18,6,0,0,0,0,0,0,3,0,0,6,4
7,43,0,1,1,3,15,5,0,0,0,0,0,0,2,0,0,6,4
9,44,0,1,2,0,10,7,0,0,0,2,0,0,0,1,0,2,3
9,43,0,1,2,3,21,7,0,0,0,0,1,0,1,0,0,3,4
5,88,0,1,1,0,18,13,0,0,0,2,0,0,0,1,0,2,3
5,32,0,1,1,3,10,4,0,0,0,0,0,0,2,1,0,6,4
6,26,0,1,1,0,8,4,0,0,0,0,0,0,0,1,0,3,4
5,18,0,1,1,0,8,3,0,0,1,0,1,0,0,0,0,1,3
5,19,0,1,1,0,6,3,0,0,0,0,0,0,0,1,0,3,4
5,25,0,1,1,0,10,4,0,0,2,0,0,0,0,1,0,1,3
7,47,0,1,1,3,15,5,0,0,0,0,0,0,2,0,0,6,4
6,58,0,1,1,0,12,6,0,0,3,0,0,0,0,1,0,1,3
7,14,0,1,1,0,3,0,0,0,1,0,0,0,0,1,0,1,3
5,47,0,1,6,3,12,0,0,0,0,0,0,0,3,1,0,6,4
5,45,0,1,1,3,21,7,0,0,0,0,1,0,1,1,0,3,4
5,15,0,1,1,0,0,0,0,0,1,0,2,0,0,1,0,0,1
9,19,0,1,2,0,2,2,0,0,0,0,0,1,0,0,0,4,3
9,16,0,3,2,0,0,0,0,0,0,0,0,0,0,1,0,3,4
6,17,0,1,1,0,2,1,0,0,0,0,0,0,0,1,0,1,3
4,16,0,1,1,0,3,0,0,0,0,0,0,0,0,1,0,0,1
5,26,0,1,4,3,6,0,0,0,0,0,2,0,2,1,0,6,4
5,12,0,1,1,0,0,0,1,0,0,0,0,0,0,0,0,3,4
5,12,0,1,1,0,0,0,1,0,0,0,1,0,0,1,0,1,3
5,13,0,1,1,0,0,0,0,0,0,0,0,0,0,1,0,0,1
5,49,0,1,1,2,4,4,0,0,1,0,0,0,1,0,0,5,3
5,38,0,1,1,0,10,6,0,0,0,2,1,0,0,1,0,2,3
6,41,0,1,4,2,0,0,0,0,1,0,0,0,1,0,0,5,3
6,32,0,1,1,3,10,4,0,0,0,0,0,0,2,0,0,6,4
6,13,0,1,1,0,2,1,0,0,0,0,0,0,0,1,0,1,3
5,15,0,1,1,0,2,1,0,0,0,0,1,0,0,1,0,1,3
7,12,0,1,1,0,3,0,0,0,1,0,1,0,0,0,0,1,3
5,46,0,1,1,0,13,8,0,0,1,2,0,0,0,0,0,2,3
4,35,0,1,1,3,10,4,0,0,0,0,0,0,2,0,0,6,4
7,13,0,1,1,0,3,0,0,0,0,0,1,0,0,0,0,0,1
6,13,0,1,1,0,0,0,0,0,0,0,0,0,0,0,0,0,1
9,28,0,1,5,2,0,0,0,0,0,0,1,0,1,0,0,5,3
5,36,0,1,4,3,10,0,0,0,0,0,0,0,2,0,0,6,4
9,25,0,1,2,4,3,3,0,0,0,0,0,3,0,1,0,4,3
5,27,0,3,1,3,7,0,0,0,0,0,0,0,1,0,0,3,4
5,16,0,1,1,0,3,0,4,0,1,0,1,0,0,0,0,1,3
5,15,0,1,1,0,3,0,0,0,1,0,1,0,0,0,0,1,3
7,16,0,1,1,0,0,0,0,0,1,0,0,0,0,1,0,0,1
4,33,0,1,1,0,8,4,0,0,0,0,0,0,2,1,0,6,4
7,62,0,1,1,0,12,6,0,0,3,0,0,0,0,0,0,1,3
9,37,0,1,2,2,4,4,0,0,0,0,1,0,1,0,0,5,3
5,7,0,1,1,0,0,0,0,0,0,0,0,0,0,1,0,0,1
6,26,0,1,1,0,1,0,2,0,0,2,0,0,0,1,0,2,3
9,13,0,1,2,0,0,0,0,0,0,0,0,0,0,0,0,0,1
5,27,0,3,1,3,7,0,0,0,0,0,0,0,1,1,0,3,4
7,43,0,1,6,3,12,0,0,0,0,0,0,0,3,0,0,6,4
5,29,0,1,1,0,6,3,0,0,0,2,1,0,0,1,0,2,3
5,29,0,1,1,0,6,3,0,0,0,2,0,0,0,1,0,2,3
5,15,0,1,1,0,2,0,0,0,0,0,0,0,0,1,0,0,1
7,35,0,1,1,3,10,4,0,0,0,0,0,0,2,0,0,6,4
5,15,0,1,1,0,2,0,0,0,1,0,2,0,0,0,0,0,1
6,13,0,1,1,0,3,0,0,0,0,0,1,0,0,0,0,0,1
4,18,0,1,1,0,1,1,0,0,0,0,0,0,0,0,0,3,4
7,26,0,1,1,0,8,4,0,0,0,0,0,0,0,0,0,3,4
9,15,0,1,4,0,0,0,0,0,0,0,0,1,0,0,0,4,3
9,52,0,1,2,0,11,7,0,0,0,2,0,0,0,1,0,2,3
7,12,0,1,1,0,0,0,1,0,0,0,1,0,0,0,0,1,3
5,8,0,1,1,0,0,0,0,0,0,0,1,0,0,0,0,0,1
5,15,0,1,1,0,0,0,2,0,0,0,0,0,0,0,0,3,4
4,32,0,1,1,0,8,4,0,0,0,0,0,0,2,1,0,6,4
5,53,0,1,1,0,11,7,0,0,0,2,0,0,0,0,0,2,3
9,15,0,1,2,0,3,0,0,0,0,0,0,0,0,0,0,0,1
5,24,0,1,1,0,1,0,2,0,0,2,0,0,0,1,0,2,3
9,59,0,1,2,0,12,6,0,0,3,0,0,0,0,0,0,1,3
4,30,0,1,4,2,0,0,0,0,0,0,1,0,1,0,0,5,3
4,15,0,1,1,0,3,0,0,0,0,0,0,0,0,0,0,0,1
9,30,0,1,2,0,16,7,0,0,1,0,0,0,0,0,0,1,3
6,15,0,1,1,0,4,1,0,0,0,0,0,0,0,0,0,0,1
5,37,0,1,4,2,0,0,0,0,1,0,1,0,1,1,0,5,3
7,36,0,1,1,8,5,5,0,0,0,0,0,5,0,0,0,4,3
5,26,0,1,3,0,0,0,0,0,0,0,0,1,0,1,0,3,4
5,10,0,1,1,0,0,0,0,0,0,0,1,0,0,0,0,0,1
4,31,0,1,1,4,9,3,0,1,0,0,0,0,0,1,0,4,3
4,13,0,1,1,0,0,0,1,0,0,0,0,0,0,1,0,3,4
4,19,0,1,1,0,2,2,0,0,0,0,1,1,0,1,0,4,3
7,16,0,1,1,0,3,0,0,0,0,0,0,0,0,0,0,0,1
9,14,0,1,2,0,1,1,0,0,0,0,0,0,0,0,0,3,4
5,86,0,1,1,0,18,13,0,0,0,2,1,0,0,0,0,2,3
5,8,0,1,1,0,0,0,0,0,0,0,0,0,0,1,0,0,1
5,47,0,1,7,4,2,0,0,0,0,0,0,2,0,0,0,4,3
5,16,0,1,1,0,2,0,0,0,1,0,0,0,0,0,0,0,1
9,27,0,1,5,2,0,0,0,0,0,0,1,0,1,1,0,5,3
5,50,0,1,1,2,4,4,0,0,1,0,0,0,1,0,0,5,3
9,15,0,1,2,0,0,0,0,0,1,0,0,0,0,1,0,0,1
9,27,0,1,4,0,0,0,0,0,0,0,0,1,0,1,0,3,4
5,35,0,1,1,4,9,3,0,1,0,0,1,0,0,1,0,4,3
6,54,0,1,1,4,8,6,0,0,0,0,0,2,0,1,0,4,3
7,54,0,1,1,4,8,6,0,0,0,0,0,2,0,1,0,4,3
6,17,0,1,1,0,2,1,0,0,0,0,0,0,0,0,0,1,3
4,26,0,1,2,0,1,0,4,0,0,2,0,0,0,1,0,2,3
7,52,0,1,1,0,6,0,6,0,1,0,0,0,0,0,0,1,3
5,37,0,1,1,2,4,4,0,0,0,0,1,0,1,1,0,5,3
5,34,0,1,1,0,1,0,4,0,0,2,1,0,0,1,0,2,3
9,13,0,1,2,0,3,0,0,0,0,0,1,0,0,0,0,0,1
7,15,0,1,1,0,2,0,0,0,0,0,0,0,0,1,0,0,1
5,40,0,1,1,0,9,6,0,0,0,2,0,0,0,0,0,2,3
7,39,0,1,1,2,4,4,0,0,0,0,1,0,1,0,0,5,3
4,18,0,1,1,0,2,1,0,0,1,0,0,0,0,1,0,0,1
4,34,0,1,4,3,10,0,0,0,0,0,1,0,2,0,0,6,4
5,18,0,1,1,0,8,3,0,0,1,0,2,0,0,0,0,1,3
4,14,0,1,1,0,4,1,0,0,0,0,0,0,0,0,0,0,1
5,42,0,1,1,3,21,7,0,0,0,0,1,0,1,1,0,3,4
6,44,0,1,7,4,2,0,0,0,0,0,0,2,0,0,0,4,3
4,46,0,1,1,2,4,4,0,0,1,0,0,0,1,1,0,5,3
5,28,0,1,1,0,6,3,0,0,0,2,1,0,0,0,0,2,3
7,28,0,1,4,2,0,0,0,0,0,0,1,0,1,1,0,5,3
6,18,0,1,1,0,1,1,0,0,0,0,0,0,0,1,0,3,4
5,14,0,1,1,0,3,1,0,0,0,0,0,0,0,0,0,0,1
5,13,0,1,1,0,3,0,0,0,0,0,1,0,0,1,0,0,1
5,19,0,1,1,0,8,3,0,0,1,0,2,0,0,0,0,1,3
5,13,0,1,1,0,0,0,0,0,0,0,0,0,0,0,0,3,4
7,18,0,1,1,0,0,0,0,0,1,0,0,0,0,0,0,0,1
5,10,0,1,1,0,0,0,0,0,0,0,1,0,0,0,0,0,1
6,88,0,1,1,0,18,13,0,0,0,2,0,0,0,0,0,2,3
9,58,0,1,2,4,8,6,0,0,0,0,0,2,0,0,0,4,3
5,44,0,1,6,3,12,0,0,0,0,0,0,0,3,1,0,6,4
4,47,0,1,7,4,2,0,0,0,0,0,0,2,0,1,0,4,3
7,43,0,1,1,2,4,4,0,0,0,0,0,0,1,0,0,5,3
9,13,0,1,2,0,0,0,2,0,0,0,0,0,0,0,0,3,4
5,17,0,1,1,0,2,0,0,0,0,0,1,0,0,0,0,0,1
6,11,0,1,1,0,0,0,1,0,0,0,0,0,0,0,0,1,3
6,8,0,1,1,0,0,0,0,0,0,0,0,0,0,0,0,0,1
4,37,0,1,1,2,4,4,0,0,0,0,2,0,1,0,0,5,3
5,50,0,1,1,0,11,7,0,0,0,2,1,0,0,0,0,2,3
6,24,0,1,1,4,3,3,0,0,0,0,0,3,0,0,0,4,3
7,28,0,1,1,0,4,0,2,0,1,0,0,0,0,0,0,1,3
9,36,0,1,2,0,9,6,0,0,0,2,0,0,0,1,0,2,3
4,28,0,1,1,0,6,3,0,0,0,2,0,0,0,0,0,2,3
7,17,0,1,1,0,2,1,0,0,1,0,0,0,0,1,0,0,1
5,38,0,1,1,0,9,6,0,0,0,2,0,0,0,0,0,2,3
5,24,0,1,1,0,1,0,2,0,0,2,0,0,0,0,0,2,3
6,38,0,1,4,2,0,0,0,0,1,0,0,0,1,0,0,5,3
6,17,0,1,1,0,2,1,0,0,0,0,0,0,0,1,0,1,3
5,13,0,1,1,0,2,0,0,0,1,0,0,0,0,1,0,0,1
4,17,0,1,1,0,8,3,0,0,1,0,0,0,0,1,0,1,3
5,26,0,1,1,0,4,0,2,0,1,0,0,0,0,1,0,1,3
9,15,0,1,2,0,2,0,0,0,1,0,0,0,0,0,0,0,1
6,40,0,1,4,2,0,0,0,0,1,0,0,0,1,1,0,5,3
5,16,0,1,1,0,0,0,2,0,0,0,0,0,0,1,0,3,4
4,12,0,1,1,0,0,0,0,0,0,0,0,0,0,0,0,3,4
9,27,0,1,2,0,1,0,4,0,0,2,0,0,0,0,0,2,3
5,36,0,1,1,0,9,6,0,0,0,0,1,1,0,1,0,3,4
6,12,0,1,1,0,0,0,0,0,0,0,1,0,0,1,0,3,4
5,30,0,1,1,0,1,0,0,0,2,0,1,0,0,1,0,1,3
9,8,0,1,2,0,0,0,0,0,0,0,0,0,0,0,0,0,1
6,37,0,1,4,2,0,0,0,0,1,0,0,0,1,1,0,5,3
6,26,0,1,1,4,3,3,0,0,0,0,1,3,0,1,0,4,3
4,17,0,1,1,0,2,0,0,0,0,0,0,0,0,0,0,0,1
5,25,0,1,3,0,4,0,0,0,0,0,0,0,2,0,0,6,4
5,27,0,1,1,4,3,3,0,0,0,0,0,3,0,0,0,4,3
9,35,0,1,2,0,9,6,0,0,0,0,0,1,0,1,0,3,4
7,31,0,1,1,0,8,4,0,0,0,0,0,0,2,1,0,6,4
4,47,0,1,1,0,1,0,0,0,3,0,1,0,0,0,0,1,3
9,25,0,1,4,0,0,0,0,0,0,0,0,1,0,0,0,3,4
5,14,0,1,1,0,3,0,0,0,0,0,0,0,0,0,0,0,1
6,41,0,1,1,0,16,7,0,0,1,0,1,0,0,0,0,1,3
9,57,0,1,2,0,12,6,0,0,3,0,0,0,0,0,0,1,3
6,14,0,1,1,0,0,0,1,0,0,0,0,0,0,1,0,1,3
4,32,0,1,1,0,6,3,0,0,0,2,0,0,0,0,0,2,3
9,25,0,1,4,0,4,0,0,0,0,0,0,0,2,0,0,6,4
7,56,0,1,1,4,8,6,0,0,0,0,1,2,0,0,0,4,3
7,15,0,1,1,0,3,1,0,0,0,0,0,0,0,0,0,0,1
5,35,0,1,1,0,8,4,0,0,2,0,0,0,0,1,0,1,3
5,37,0,1,1,3,10,4,0,0,0,0,0,0,2,1,0,6,4
5,32,0,1,1,4,9,3,0,1,0,0,1,0,0,1,0,4,3
4,34,0,1,1,0,8,4,0,0,0,0,0,0,2,0,0,6,4
5,36,0,1,1,3,10,4,0,0,0,0,0,0,2,1,0,6,4
6,24,0,1,1,4,3,3,0,0,0,0,0,3,0,1,0,4,3
9,37,0,1,5,2,0,0,0,0,0,0,0,0,1,0,0,5,3
4,40,0,1,1,0,10,6,0,0,0,2,0,0,0,0,0,2,3
4,18,0,1,1,0,8,3,0,0,1,0,0,0,0,0,0,1,3
7,9,0,1,1,0,0,0,0,0,0,0,0,0,0,1,0,0,1
5,40,0,1,4,2,0,0,0,0,1,0,1,0,1,1,0,5,3
5,37,0,1,4,3,10,0,0,0,0,0,1,0,2,0,0,6,4
5,16,0,1,1,0,2,1,0,0,1,0,0,0,0,1,0,0,1
9,13,0,1,2,0,3,0,0,0,0,0,0,0,0,0,0,0,1
5,32,0,1,1,0,1,0,4,0,1,2,0,0,0,1,0,2,3
9,16,0,1,2,0,8,3,0,0,1,0,0,0,0,1,0,1,3
6,12,0,1,1,0,0,0,1,0,0,0,1,0,0,1,0,1,3
6,22,0,1,1,0,1,0,2,0,0,2,0,0,0,1,0,2,3
5,43,0,1,1,0,10,7,0,0,0,2,1,0,0,0,0,2,3
4,12,0,1,1,0,0,0,0,0,0,0,1,0,0,1,0,3,4
6,12,0,1,1,0,0,0,0,0,0,0,0,0,0,0,0,0,1
7,32,0,1,4,3,10,0,0,0,0,0,0,0,2,0,0,6,4
5,38,0,1,1,0,9,6,0,0,0,2,0,0,0,0,0,2,3
4,22,0,1,4,4,0,0,0,0,0,0,0,3,0,0,0,4,3
5,15,0,1,1,0,2,1,0,0,1,0,0,0,0,1,0,0,1
9,26,0,1,2,0,8,4,0,0,0,0,0,0,0,1,0,3,4
6,84,0,1,1,0,18,13,0,0,0,2,0,0,0,0,0,2,3
6,35,0,1,1,3,10,4,0,0,0,0,0,0,2,0,0,6,4
9,13,0,1,2,0,3,0,0,0,0,0,0,0,0,1,0,0,1
4,39,0,1,4,2,0,0,0,0,1,0,0,0,1,1,0,5,3
9,11,0,1,2,0,3,0,0,0,1,0,0,0,0,1,0,1,3
5,14,0,1,1,0,2,1,0,0,0,0,2,0,0,0,0,1,3
5,32,0,1,1,0,8,4,0,0,0,0,0,0,2,0,0,6,4
5,44,0,1,1,2,4,4,0,0,0,0,0,0,1,0,0,5,3
7,14,0,1,1,0,3,1,0,0,0,0,0,0,0,0,0,0,1
5,19,0,1,1,0,2,1,0,0,1,0,0,0,0,0,0,0,1
4,19,0,1,1,0,6,3,0,0,0,0,0,0,0,1,0,3,4
9,34,0,1,2,3,10,4,0,0,0,0,1,0,2,1,0,6,4
4,8,0,1,1,0,0,0,0,0,0,0,0,0,0,1,0,0,1
6,34,0,1,1,3,10,4,0,0,0,0,1,0,2,1,0,6,4
6,28,0,1,2,0,1,0,4,0,0,2,0,0,0,0,0,2,3
5,57,0,1,1,0,12,6,0,0,3,0,0,0,0,0,0,1,3
5,34,0,1,1,8,5,5,0,0,0,0,0,5,0,1,0,4,3
5,19,0,1,1,0,2,2,0,0,0,0,1,1,0,1,0,4,3
7,14,0,1,1,0,3,0,0,0,0,0,0,0,0,0,0,0,1
5,23,0,1,1,0,1,0,2,0,0,2,1,0,0,0,0,2,3
5,46,0,1,1,3,15,5,0,0,0,0,0,0,2,1,0,6,4
7,21,0,1,1,0,2,0,2,0,2,0,0,0,0,1,0,1,3
5,13,0,1,1,0,0,0,2,0,0,0,1,0,0,1,0,3,4
7,36,0,1,1,0,8,4,0,0,0,0,0,0,2,1,0,6,4
7,9,0,1,1,0,0,0,0,0,0,0,1,0,0,0,0,0,1
5,21,0,1,1,0,2,0,2,0,2,0,0,0,0,1,0,1,3
9,34,0,1,2,3,10,4,0,0,0,0,0,0,2,0,0,6,4
5,13,0,1,1,0,2,0,0,0,0,0,0,0,0,0,0,0,1
7,37,0,1,4,2,0,0,0,0,0,0,0,0,1,1,0,5,3
9,29,0,1,2,0,4,0,2,0,1,0,0,0,0,0,0,1,3
5,40,0,1,1,0,9,6,0,0,0,2,1,0,0,0,0,2,3
4,27,0,1,2,0,1,0,6,0,0,2,0,0,0,1,0,2,3
7,37,0,1,1,2,4,4,0,0,0,0,1,0,1,0,0,5,3
5,8,0,1,1,0,0,0,0,0,0,0,0,0,0,1,0,0,1
9,33,0,1,2,0,8,4,0,0,0,0,1,0,2,1,0,6,4
5,12,0,1,1,0,0,0,0,0,0,0,0,0,0,1,0,0,1
5,28,0,1,2,0,1,0,6,0,0,2,1,0,0,0,0,2,3
5,23,0,1,1,0,1,0,2,0,0,2,1,0,0,1,0,2,3
5,20,0,1,1,0,2,0,2,0,2,0,1,0,0,0,0,1,3
5,53,0,1,1,0,6,0,6,0,1,0,0,0,0,0,0,1,3
5,60,0,1,1,0,12,6,0,0,3,0,1,0,0,1,0,1,3
9,42,0,1,2,0,10,7,0,0,0,2,0,0,0,1,0,2,3
5,17,0,1,1,0,2,0,0,0,1,0,1,0,0,0,0,0,1
5,31,0,3,1,3,7,0,0,0,0,0,1,0,1,1,0,3,4
5,33,0,1,4,2,0,0,0,0,0,0,0,0,1,1,0,5,3
5,15,0,1,1,0,2,0,0,0,1,0,1,0,0,1,0,0,1
